Id,label
19,5
27,3
36,4
38,6
39,4
42,9
44,4
49,0
56,6
66,1
75,0
77,7
81,5
83,9
84,2
90,0
104,2
107,3
109,4
113,4
132,4
141,1
142,3
145,6
146,6
155,4
163,2
168,4
170,5
175,6
180,5
189,3
190,2
192,7
206,9
209,1
222,5
232,7
241,1
242,0
243,5
248,0
281,0
286,2
293,6
296,3
304,1
308,1
310,1
314,3
326,0
329,3
330,1
332,3
335,7
339,0
341,3
349,5
350,3
357,4
365,8
387,1
388,0
392,9
399,1
412,2
429,7
432,4
456,4
464,7
487,0
494,2
497,6
502,0
508,6
511,9
521,4
525,5
532,4
538,9
549,8
564,3
565,4
573,4
581,0
582,7
594,1
597,3
603,2
604,2
609,2
610,8
613,6
630,4
637,8
646,4
655,4
673,6
676,0
682,6
684,7
696,3
697,0
700,9
709,4
711,5
713,7
717,7
718,8
719,5
724,8
729,3
734,2
742,0
744,1
749,3
754,3
765,0
767,5
768,0
769,9
771,2
774,2
777,8
783,0
784,1
785,8
791,9
796,6
798,6
807,1
808,0
809,4
816,5
824,7
825,5
827,1
829,7
837,9
841,7
852,1
859,4
862,3
873,5
882,7
891,1
899,1
920,8
925,6
969,0
976,3
985,4
989,7
991,7
998,5
1003,1
1019,2
1023,1
1033,6
1038,5
1042,3
1051,0
1054,5
1060,3
1061,3
1074,8
1079,4
1082,4
1096,0
1098,1
1101,6
1103,0
1104,6
1108,2
1113,5
1114,0
1115,1
1126,6
1127,4
1139,4
1152,6
1162,2
1164,1
1201,6
1202,8
1208,3
1218,2
1219,3
1224,8
1233,6
1238,7
1239,3
1244,1
1250,5
1253,8
1256,1
1257,5
1258,7
1261,8
1272,6
1275,6
1287,8
1293,8
1295,6
1305,5
1314,7
1317,7
1320,4
1329,0
1335,9
1336,5
1342,7
1348,1
1355,7
1365,2
1370,0
1375,5
1379,5
1390,6
1393,8
1399,9
1407,8
1411,9
1413,1
1416,1
1423,5
1425,9
1426,7
1429,9
1436,4
1441,5
1450,2
1468,6
1477,6
1481,9
1482,2
1483,4
1484,0
1491,2
1495,3
1499,9
1506,1
1518,6
1523,0
1530,4
1540,5
1542,1
1545,9
1564,8
1565,2
1571,7
1577,2
1584,8
1586,1
1590,2
1591,0
1597,3
1598,2
1604,7
1610,8
1620,8
1624,2
1634,6
1637,6
1653,2
1663,4
1667,6
1673,9
1682,9
1684,0
1688,6
1690,4
1693,6
1694,2
1698,2
1699,1
1706,8
1708,3
1717,0
1721,2
1730,4
1734,7
1735,3
1737,7
1740,3
1756,2
1765,1
1770,6
1773,8
1787,5
1797,3
1799,4
1803,5
1805,7
1808,0
1812,2
1818,1
1824,7
1833,3
1850,6
1858,6
1865,5
1868,3
1872,2
1873,3
1887,0
1896,3
1905,4
1917,6
1921,1
1923,1
1937,2
1947,0
1954,1
1966,9
1989,3
2002,2
2004,9
2007,2
2022,1
2027,7
2029,8
2031,7
2037,1
2057,3
2060,2
2078,8
2083,9
2091,5
2092,3
2094,7
2099,2
2100,0
2103,2
2105,7
2107,6
2117,6
2119,5
2121,4
2122,0
2126,9
2135,8
2141,2
2143,1
2147,8
2150,3
2160,5
2163,4
2183,7
2192,2
2200,6
2205,7
2229,9
2233,7
2234,5
2242,7
2246,7
2247,7
2256,0
2262,6
2266,1
2267,3
2268,2
2270,1
2271,0
2272,4
2273,7
2287,1
2294,2
2297,2
2301,4
2302,6
2312,3
2369,7
2390,9
2396,1
2398,5
2399,8
2401,3
2413,7
2432,8
2445,4
2450,9
2451,1
2457,7
2458,5
2469,1
2471,2
2475,1
2480,3
2490,4
2493,7
2495,6
2499,1
2507,0
2515,4
2542,5
2545,8
2555,3
2559,2
2560,2
2564,5
2567,3
2584,2
2589,5
2591,6
2595,5
2600,4
2607,4
2612,0
2625,2
2642,2
2644,1
2663,0
2684,9
2690,0
2715,7
2716,6
2739,3
2740,7
2748,2
2749,6
2751,5
2753,9
2754,9
2755,4
2756,4
2759,4
2767,8
2768,7
2771,5
2775,8
2778,8
2779,6
2787,0
2790,0
2792,4
2799,4
2806,4
2807,2
2819,0
2821,2
2826,6
2861,7
2866,0
2868,7
2870,3
2887,1
2892,9
2894,3
2896,7
2900,1
2909,1
2912,6
2921,5
2923,3
2927,1
2936,8
2941,0
2945,5
2954,8
2964,6
2968,2
2971,1
2982,7
2995,9
2997,3
3002,6
3017,9
3028,3
3030,3
3031,6
3045,3
3053,0
3060,0
3069,8
3076,3
3079,9
3083,1
3137,6
3140,5
3147,3
3148,3
3149,8
3152,8
3154,7
3156,6
3159,1
3162,6
3166,1
3170,3
3172,5
3177,6
3179,3
3187,0
3188,0
3189,2
3191,7
3192,9
3197,9
3202,2
3209,7
3215,1
3216,9
3219,1
3224,8
3232,8
3250,6
3253,2
3256,4
3273,3
3278,7
3287,5
3290,5
3306,3
3311,7
3312,6
3314,3
3337,7
3344,3
3345,0
3349,2
3360,8
3363,1
3380,5
3381,6
3384,0
3391,2
3405,9
3408,1
3411,5
3413,6
3416,2
3429,4
3430,1
3434,7
3447,5
3454,4
3456,2
3471,0
3473,4
3474,3
3476,9
3482,8
3483,5
3484,7
3492,5
3494,0
3496,3
3501,5
3507,4
3510,7
3520,2
3534,4
3535,1
3537,3
3546,7
3547,3
3557,0
3562,1
3563,9
3569,3
3570,1
3577,4
3579,0
3581,8
3589,7
3593,0
3602,6
3607,7
3610,3
3612,5
3616,9
3625,3
3628,1
3629,1
3639,8
3645,7
3654,4
3664,1
3670,4
3672,0
3679,5
3685,6
3699,7
3700,6
3706,5
3710,9
3717,2
3723,3
3731,4
3742,6
3745,0
3746,2
3759,4
3761,9
3762,9
3763,1
3771,8
3773,7
3798,4
3805,6
3811,7
3815,8
3816,8
3828,6
3829,9
3830,1
3835,6
3836,3
3849,9
3850,1
3858,8
3859,9
3871,7
3886,3
3888,5
3902,5
3915,9
3925,0
3926,8
3928,7
3929,9
3930,7
3932,0
3936,9
3940,6
3952,4
3954,7
3960,0
3976,1
3980,4
3984,1
3988,4
3990,9
3994,4
3996,8
4002,0
4004,5
4005,7
4011,1
4013,5
4037,9
4038,6
4040,6
4045,2
4049,4
4052,0
4064,9
4075,7
4077,1
4079,6
4113,4
4122,6
4124,9
4132,7
4135,4
4144,4
4157,2
4158,4
4162,7
4168,1
4185,9
4188,0
4192,4
4193,4
4196,2
4204,8
4208,0
4210,1
4217,5
4219,2
4221,6
4223,3
4227,6
4228,4
4236,6
4248,5
4249,1
4257,2
4259,4
4269,8
4278,8
4286,7
4297,8
4299,3
4315,1
4338,4
4339,3
4362,4
4377,4
4378,9
4379,0
4381,3
4388,4
4390,1
4396,1
4400,8
4406,4
4407,7
4422,8
4423,5
4425,5
4433,3
4437,5
4451,8
4458,2
4460,5
4464,1
4510,1
4515,4
4525,8
4545,4
4552,8
4556,6
4567,5
4574,1
4583,9
4590,4
4600,3
4603,9
4615,5
4623,3
4626,3
4638,7
4639,7
4651,5
4657,9
4660,0
4663,2
4670,8
4672,2
4676,3
4692,7
4698,8
4709,1
4723,2
4730,8
4738,5
4746,1
4750,6
4753,2
4765,3
4769,3
4772,8
4779,2
4786,2
4790,3
4801,8
4808,5
4815,7
4819,0
4820,1
4836,8
4840,6
4845,4
4849,1
4855,1
4856,6
4857,3
4862,9
4875,0
4880,8
4881,5
4900,4
4906,9
4908,2
4910,2
4916,8
4923,0
4941,0
4942,5
4943,8
4956,4
4968,6
4975,2
4991,5
5014,2
5029,1
5032,0
5053,8
5055,1
5070,8
5075,1
5077,2
5086,6
5102,8
5111,0
5112,5
5131,5
5133,5
5135,5
5137,5
5138,2
5145,5
5148,9
5152,9
5155,3
5158,3
5165,3
5166,6
5170,9
5179,7
5194,0
5206,0
5211,9
5212,4
5214,8
5234,5
5243,2
5247,5
5262,8
5269,1
5276,7
5288,0
5289,9
5301,2
5321,8
5323,1
5328,7
5330,2
5332,9
5333,9
5340,5
5343,1
5352,8
5384,2
5386,4
5387,4
5389,8
5390,2
5409,1
5410,3
5411,3
5416,5
5437,1
5440,5
5445,4
5446,7
5459,6
5464,2
5467,6
5477,6
5480,0
5486,6
5488,3
5493,6
5494,6
5495,4
5497,7
5499,2
5501,9
5523,3
5533,0
5537,7
5538,0
5552,9
5558,6
5564,9
5567,7
5578,3
5587,2
5602,6
5609,7
5620,1
5628,4
5635,4
5640,0
5647,3
5649,0
5662,9
5671,4
5672,9
5676,7
5679,8
5693,8
5698,6
5700,9
5707,8
5713,5
5717,3
5718,1
5719,0
5735,8
5739,6
5745,5
5747,2
5751,5
5768,0
5772,1
5787,6
5792,0
5799,9
5800,7
5801,3
5804,2
5817,6
5828,1
5837,2
5838,7
5853,0
5864,2
5873,7
5882,9
5889,7
5892,6
5893,5
5902,4
5905,1
5911,5
5917,4
5927,9
5952,5
5967,2
5979,6
5981,1
6002,1
6003,1
6014,4
6016,8
6023,3
6035,8
6060,5
6070,6
6082,5
6084,7
6089,2
6098,9
6099,1
6102,5
6105,3
6118,6
6136,1
6149,1
6169,9
6173,7
6186,9
6190,3
6191,3
6204,0
6209,7
6210,4
6211,5
6222,4
6236,4
6239,0
6248,9
6250,8
6256,8
6266,6
6277,3
6286,9
6287,6
6290,8
6300,0
6301,5
6303,8
6307,4
6310,4
6313,3
6319,1
6330,2
6332,5
6334,1
6344,8
6346,7
6347,5
6350,3
6359,8
6361,9
6364,9
6367,4
6372,0
6374,6
6396,9
6409,9
6422,3
6447,0
6453,9
6457,8
6458,6
6466,4
6470,2
6484,1
6487,3
6490,0
6506,5
6515,0
6531,0
6532,6
6560,7
6564,0
6571,3
6573,5
6578,1
6580,9
6588,1
6595,0
6612,1
6613,9
6633,4
6655,7
6660,9
6664,3
6665,4
6669,6
6673,4
6679,6
6685,7
6687,6
6688,4
6695,4
6701,2
6706,9
6710,4
6730,4
6733,4
6742,0
6745,3
6750,4
6759,1
6760,9
6762,0
6764,3
6765,0
6769,6
6784,2
6787,0
6806,5
6807,9
6812,6
6813,9
6820,8
6833,7
6834,0
6843,4
6844,5
6850,4
6854,7
6863,3
6866,6
6867,2
6870,6
6873,1
6874,4
6881,0
6886,4
6893,7
6925,5
6938,8
6941,9
6960,4
6970,9
6993,6
6994,6
6996,2
6997,0
7005,8
7019,1
7021,1
7026,4
7034,3
7058,6
7061,4
7062,0
7073,7
7077,1
7081,6
7087,5
7102,3
7105,4
7113,9
7115,9
7128,9
7132,6
7152,7
7153,0
7158,2
7161,4
7170,0
7172,2
7175,4
7179,0
7188,3
7210,1
7212,0
7215,1
7217,2
7231,7
7233,1
7235,9
7241,2
7250,7
7251,4
7253,3
7258,6
7262,3
7281,9
7287,4
7300,9
7315,9
7318,1
7322,8
7324,8
7327,3
7330,0
7348,8
7351,9
7355,9
7356,7
7362,6
7364,9
7370,3
7381,7
7386,3
7389,2
7409,8
7418,1
7432,0
7471,4
7478,5
7479,0
7480,2
7481,4
7492,0
7499,1
7502,0
7503,5
7518,7
7522,9
7524,5
7526,3
7527,0
7529,1
7531,6
7535,5
7547,2
7555,2
7566,9
7576,6
7593,7
7594,7
7603,4
7613,7
7616,3
7621,1
7626,8
7628,0
7632,3
7640,2
7641,5
7649,4
7653,5
7660,8
7684,8
7685,2
7688,8
7694,3
7702,2
7713,3
7721,0
7722,9
7728,5
7749,8
7751,0
7752,8
7756,9
7770,6
7773,3
7775,4
7776,3
7790,2
7797,1
7806,4
7808,6
7816,0
7817,0
7830,8
7851,3
7858,3
7864,3
7865,4
7876,4
7882,2
7883,0
7885,7
7893,8
7895,7
7905,3
7915,9
7920,6
7937,0
7958,5
7963,9
7971,9
7972,1
7974,1
7975,8
7983,2
7988,0
7991,2
8009,2
8011,9
8018,3
8021,6
8026,2
8032,9
8055,1
8064,6
8067,9
8075,6
8090,8
8092,4
8099,8
8104,7
8122,9
8135,4
8143,5
8144,1
8146,4
8149,6
8161,1
8162,3
8165,7
8179,2
8184,1
8192,5
8197,4
8203,7
8209,5
8213,1
8221,6
8227,0
8228,3
8233,0
8235,7
8236,1
8255,1
8258,2
8267,3
8277,3
8278,8
8280,2
8297,5
8298,6
8305,8
8310,8
8317,5
8326,9
8333,7
8337,2
8338,4
8339,5
8342,3
8346,7
8358,1
8361,6
8363,4
8365,6
8380,7
8395,0
8401,9
8403,9
8409,6
8416,6
8420,1
8429,5
8443,4
8464,3
8469,2
8470,2
8475,3
8487,5
8492,7
8495,0
8510,6
8513,4
8520,2
8523,0
8525,1
8526,0
8548,6
8553,9
8559,4
8563,8
8571,7
8579,8
8582,7
8589,1
8610,9
8615,4
8618,9
8621,9
8633,4
8634,1
8640,4
8641,0
8648,6
8652,6
8655,5
8656,7
8669,3
8675,2
8678,4
8680,4
8681,4
8697,7
8698,0
8700,7
8702,9
8705,8
8717,1
8725,7
8727,3
8732,8
8734,6
8737,5
8745,0
8756,1
8777,6
8780,1
8783,7
8791,9
8801,5
8807,5
8812,0
8824,0
8826,8
8837,4
8844,5
8846,9
8850,4
8853,3
8860,7
8871,2
8872,8
8875,0
8878,9
8886,8
8890,7
8897,1
8906,7
8913,2
8914,1
8915,9
8917,9
8919,6
8930,9
8931,6
8934,8
8939,0
8945,2
8947,5
8951,3
8965,7
8968,4
8970,4
8972,5
8973,6
8974,3
8987,6
8991,1
8994,1
9002,6
9003,6
9005,7
9007,0
9026,2
9029,4
9030,6
9034,7
9038,6
9046,5
9069,1
9071,0
9074,1
9075,6
9085,3
9087,8
9096,3
9097,8
9114,1
9120,1
9125,2
9129,5
9130,5
9134,4
9148,1
9155,2
9162,0
9163,5
9167,1
9170,3
9191,3
9205,0
9208,2
9235,0
9240,9
9250,5
9267,8
9269,5
9274,5
9284,6
9285,9
9300,5
9303,5
9311,1
9312,6
9331,1
9333,1
9334,8
9336,4
9339,2
9340,0
9343,2
9347,7
9352,6
9353,7
9388,4
9395,7
9397,0
9407,9
9415,1
9419,7
9420,7
9427,3
9430,8
9433,4
9437,4
9442,7
9444,8
9463,2
9466,6
9467,8
9493,2
9499,2
9506,7
9512,9
9513,1
9516,9
9521,0
9531,8
9535,0
9540,3
9543,6
9549,0
9550,6
9553,6
9555,7
9559,9
9560,3
9566,3
9572,2
9578,4
9584,0
9604,7
9616,2
9624,3
9626,8
9636,1
9637,5
9642,7
9653,4
9657,3
9660,6
9664,0
9665,8
9667,5
9668,3
9682,2
9684,2
9697,1
9701,1
9710,0
9713,5
9716,4
9720,5
9721,4
9723,5
9725,2
9731,6
9733,2
9734,4
9742,1
9743,2
9746,9
9747,2
9749,6
9758,7
9776,6
9785,2
9793,1
9799,7
9800,8
9803,7
9809,6
9817,6
9844,3
9847,9
9849,2
9853,2
9855,8
9864,8
9865,5
9876,3
9879,8
9884,9
9905,1
9908,9
9915,9
9930,1
9932,6
9938,4
9939,8
9942,5
9948,0
9963,5
9970,1
9971,2
9990,4
9992,4
10003,7
10012,5
10015,9
10028,6
10043,5
10049,1
10070,4
10074,4
10076,2
10079,4
10080,1
10086,9
10090,6
10092,2
10099,3
10116,9
10117,3
10118,2
10121,7
10122,4
10123,1
10125,2
10136,4
10142,0
10161,7
10162,7
10169,7
10171,9
10177,7
10185,0
10189,9
10192,0
10198,7
10199,4
10204,6
10206,0
10212,4
10223,6
10224,3
10225,0
10228,5
10234,2
10244,6
10248,2
10253,9
10260,9
10266,4
10281,5
10282,4
10283,8
10296,5
10307,4
10314,8
10341,0
10344,1
10345,5
10352,7
10373,4
10381,8
10383,3
10386,5
10388,8
10393,0
10406,7
10435,9
10438,7
10443,5
10450,7
10453,2
10468,7
10476,8
10479,5
10489,1
10495,4
10497,5
10499,8
10509,0
10529,5
10536,7
10539,7
10546,5
10550,0
10562,5
10571,7
10597,6
10599,0
10603,1
10605,2
10606,3
10610,0
10620,6
10631,0
10636,9
10668,7
10681,4
10684,2
10697,0
10720,3
10722,3
10730,0
10735,1
10740,8
10741,6
10754,3
10755,6
10758,7
10770,6
10779,2
10797,4
10798,6
10802,9
10804,5
10812,4
10813,2
10819,8
10833,3
10835,5
10842,8
10848,4
10853,8
10854,9
10855,1
10856,1
10873,8
10874,2
10881,4
10892,0
10902,1
10910,8
10929,5
10930,3
10934,2
10938,7
10949,2
10951,9
10961,0
10962,7
10967,4
10970,1
10972,7
10974,5
10976,7
10980,0
10985,9
10993,4
10995,7
11009,1
11011,6
11023,9
11024,1
11027,7
11029,7
11041,9
11057,6
11068,2
11074,8
11075,6
11086,3
11087,1
11100,0
11126,0
11133,6
11140,6
11143,6
11145,8
11150,0
11152,7
11155,1
11156,4
11173,2
11175,2
11179,0
11189,2
11194,3
11195,2
11202,2
11203,9
11205,4
11214,5
11219,6
11222,9
11223,9
11224,4
11237,3
11251,0
11258,8
11264,2
11268,0
11271,8
11287,6
11288,5
11291,7
11305,1
11309,7
11316,0
11319,6
11340,7
11349,6
11350,6
11355,7
11359,0
11362,1
11383,0
11385,2
11387,2
11388,8
11390,8
11392,1
11394,8
11400,4
11402,6
11410,8
11412,6
11424,9
11429,1
11456,1
11466,4
11474,4
11475,9
11482,4
11487,3
11503,7
11505,1
11518,6
11521,2
11535,8
11541,1
11568,7
11571,4
11573,6
11574,3
11582,6
11585,6
11588,7
11593,3
11596,4
11602,1
11614,8
11615,0
11617,8
11626,4
11639,8
11647,9
11656,8
11658,1
11661,9
11662,3
11666,7
11667,8
11674,2
11680,2
11685,7
11694,0
11699,1
11703,7
11727,0
11728,9
11740,0
11743,9
11744,3
11755,2
11757,2
11763,7
11768,7
11774,4
11797,7
11800,0
11802,3
11806,7
11809,1
11817,1
11819,7
11823,6
11825,4
11834,9
11851,1
11863,8
11866,4
11871,4
11882,1
11884,6
11908,3
11911,9
11929,7
11940,9
11961,7
11964,2
11968,7
11981,9
11985,1
11993,3
12003,5
12014,3
12017,5
12018,9
12024,0
12028,4
12030,0
12036,9
12042,2
12045,9
12052,2
12056,0
12065,9
12069,2
12080,5
12086,5
12099,4
12105,6
12109,3
12110,1
12111,5
12112,0
12114,6
12118,2
12122,4
12125,6
12130,9
12133,0
12139,9
12150,4
12154,6
12157,4
12172,6
12188,8
12194,8
12195,8
12201,4
12205,3
12226,1
12227,0
12232,3
12241,3
12256,1
12257,9
12259,0
12260,8
12267,6
12272,4
12275,9
12290,9
12310,0
12312,3
12313,5
12314,6
12332,3
12333,1
12337,4
12352,8
12368,1
12384,6
12400,5
12401,7
12402,5
12413,9
12423,2
12426,9
12434,0
12444,0
12446,2
12448,1
12452,2
12455,4
12472,7
12476,3
12479,2
12495,4
12499,5
12517,9
12522,2
12523,9
12525,1
12533,7
12535,2
12546,6
12562,1
12565,8
12567,3
12573,0
12577,8
12590,2
12592,1
12593,7
12612,6
12622,2
12623,3
12624,1
12637,3
12646,7
12661,9
12667,3
12668,0
12670,0
12676,6
12680,3
12693,7
12694,5
12716,9
12717,7
12720,8
12723,3
12729,4
12730,8
12731,3
12747,1
12749,1
12750,0
12754,5
12759,6
12760,0
12765,5
12766,7
12772,9
12797,0
12819,2
12820,4
12822,5
12834,8
12839,9
12848,6
12853,4
12877,6
12886,4
12908,2
12917,6
12926,8
12931,0
12934,1
12953,9
12958,6
12959,9
12960,0
12963,2
12976,9
12993,4
12997,4
13004,4
13008,7
13011,7
13035,2
13039,6
13040,2
13042,2
13045,8
13067,1
13071,7
13078,0
13083,1
13084,3
13085,2
13087,8
13098,3
13103,4
13105,1
13108,1
13110,7
13138,2
13141,7
13144,6
13149,1
13175,3
13181,5
13186,9
13187,3
13195,4
13196,3
13228,7
13235,4
13243,2
13248,8
13249,3
13255,7
13280,3
13288,6
13290,3
13299,0
13312,8
13319,8
13327,4
13332,8
13335,7
13336,1
13340,1
13343,9
13350,4
13365,1
13377,0
13382,0
13396,1
13400,5
13437,0
13439,3
13440,0
13442,5
13451,3
13454,1
13456,1
13467,6
13468,4
13487,7
13490,9
13507,0
13511,8
13517,7
13525,1
13532,2
13549,1
13553,6
13558,5
13563,4
13565,2
13567,2
13577,2
13579,9
13580,4
13587,7
13609,9
13612,2
13625,8
13638,1
13645,8
13650,9
13651,6
13653,0
13683,6
13690,0
13692,8
13704,0
13713,4
13715,9
13718,7
13721,0
13729,2
13733,9
13735,3
13749,2
13754,1
13773,1
13783,4
13792,5
13797,2
13800,6
13807,3
13826,0
13828,6
13832,4
13835,7
13845,2
13848,9
13859,6
13863,6
13874,1
13885,4
13890,1
13915,0
13941,8
13950,5
13955,4
13956,9
13957,8
13961,1
13966,5
13985,1
13986,7
13987,3
13994,1
14007,9
14018,2
14022,5
14027,4
14035,0
14046,1
14067,6
14070,0
14080,5
14082,3
14100,7
14101,0
14102,8
14103,4
14129,6
14131,4
14137,6
14145,3
14149,7
14151,1
14161,2
14163,2
14165,0
14180,0
14200,0
14202,6
14210,1
14216,1
14226,3
14230,3
14241,1
14277,9
14285,0
14287,1
14301,8
14307,5
14311,5
14312,1
14316,3
14320,8
14330,9
14342,1
14350,2
14354,3
14356,8
14359,8
14361,5
14364,1
14368,6
14374,3
14378,9
14381,8
14384,7
14387,1
14388,1
14391,9
14396,6
14397,2
14407,5
14410,4
14417,7
14421,3
14429,9
14440,4
14443,6
14449,7
14453,4
14454,7
14457,1
14458,3
14465,9
14471,2
14491,7
14499,4
14501,2
14511,7
14512,4
14513,8
14526,9
14530,4
14563,0
14571,1
14576,5
14583,6
14585,9
14593,6
14606,1
14616,7
14621,7
14624,2
14641,3
14648,7
14650,1
14678,7
14687,3
14692,1
14693,8
14697,8
14698,2
14707,9
14721,5
14734,7
14736,2
14742,5
14746,9
14755,1
14766,0
14767,9
14769,0
14775,2
14788,9
14791,7
14792,5
14799,1
14805,9
14806,8
14809,1
14827,5
14837,0
14843,1
14847,5
14855,8
14863,3
14867,0
14870,4
14872,1
14881,2
14893,7
14894,4
14899,2
14900,8
14908,5
14916,6
14924,6
14927,9
14928,2
14933,4
14941,1
14942,0
14946,0
14957,7
14963,0
14977,3
14978,8
14982,8
14995,9
14997,7
15002,2
15004,1
15006,1
15010,5
15016,3
15018,7
15024,0
15031,6
15039,1
15061,4
15063,0
15073,7
15076,3
15101,1
15102,2
15117,1
15127,4
15131,2
15139,8
15144,5
15153,4
15159,4
15160,1
15163,9
15166,0
15171,4
15174,9
15179,4
15188,6
15191,1
15193,0
15209,2
15217,5
15220,8
15224,5
15231,3
15243,4
15252,9
15261,4
15264,0
15269,2
15286,7
15289,6
15295,9
15298,6
15299,9
15302,6
15330,1
15341,3
15353,4
15356,0
15362,4
15368,1
15380,5
15381,3
15384,9
15387,2
15392,2
15406,8
15411,6
15414,5
15417,8
15420,1
15425,7
15429,4
15430,4
15451,4
15453,0
15462,3
15463,8
15468,4
15469,7
15470,6
15480,2
15492,3
15500,0
15502,3
15512,7
15515,1
15523,7
15527,9
15547,2
15551,4
15552,7
15553,5
15556,9
15558,5
15559,1
15563,5
15575,3
15586,4
15592,1
15599,5
15605,6
15615,0
15616,8
15622,0
15631,3
15634,1
15649,7
15658,3
15681,0
15682,9
15686,2
15692,0
15701,0
15710,2
15725,0
15731,7
15732,3
15735,7
15740,9
15760,7
15764,8
15766,1
15775,9
15776,0
15787,7
15788,8
15792,1
15793,2
15806,8
15830,9
15849,7
15852,6
15861,8
15866,1
15870,7
15887,2
15890,8
15893,5
15896,7
15906,3
15908,2
15910,6
15918,2
15919,1
15932,2
15944,4
15952,7
15956,0
15957,1
15959,3
15964,6
15965,9
15969,8
15974,4
15995,7
16004,1
16006,8
16007,9
16022,0
16025,3
16029,7
16038,1
16044,0
16051,6
16056,5
16069,1
16080,5
16091,2
16104,3
16109,9
16117,6
16127,7
16149,4
16153,4
16159,6
16163,2
16167,4
16170,8
16179,1
16182,8
16184,1
16197,0
16201,5
16203,4
16207,5
16221,3
16241,2
16253,7
16254,7
16256,2
16262,3
16263,1
16277,8
16278,8
16281,2
16286,7
16295,2
16299,0
16306,4
16333,4
16335,2
16341,3
16344,0
16345,0
16349,5
16356,7
16358,4
16362,3
16378,1
16395,4
16400,9
16424,1
16425,2
16426,1
16433,0
16443,6
16455,2
16474,1
16483,0
16485,3
16493,2
16501,5
16504,9
16508,8
16511,8
16512,3
16522,8
16548,3
16549,1
16552,8
16556,0
16559,9
16568,8
16572,3
16573,2
16589,5
16592,2
16603,3
16604,7
16607,5
16612,5
16614,2
16622,1
16627,8
16633,6
16636,7
16640,6
16641,6
16661,8
16663,3
16666,1
16674,7
16682,1
16683,7
16684,7
16686,4
16700,7
16704,8
16705,6
16710,0
16713,7
16740,6
16751,3
16753,2
16780,3
16782,7
16790,1
16793,6
16796,0
16814,5
16816,8
16820,7
16843,7
16850,5
16855,1
16858,0
16864,3
16873,9
16878,9
16893,2
16908,8
16917,9
16922,6
16926,1
16935,2
16936,2
16944,4
16951,1
16952,6
16967,4
16970,9
16971,8
16976,0
16985,2
16987,1
16996,7
17005,1
17009,4
17012,3
17014,7
17016,5
17018,4
17021,1
17026,1
17028,8
17045,9
17048,8
17059,1
17062,7
17064,8
17067,1
17089,1
17093,9
17098,9
17100,2
17104,3
17105,5
17106,5
17110,4
17118,4
17119,4
17120,9
17124,1
17139,5
17152,2
17156,8
17157,9
17162,2
17168,7
17173,1
17178,4
17187,4
17191,4
17198,8
17211,3
17222,8
17227,5
17229,5
17233,3
17236,5
17238,9
17244,7
17247,8
17250,9
17263,0
17278,4
17289,5
17291,8
17292,8
17297,1
17298,9
17310,0
17311,2
17312,5
17317,0
17318,8
17330,6
17338,7
17343,0
17350,3
17351,7
17358,0
17364,8
17380,8
17388,6
17392,7
17402,6
17413,1
17420,9
17432,4
17434,6
17442,8
17449,5
17453,6
17455,7
17456,3
17459,6
17466,8
17471,2
17473,0
17481,7
17483,1
17496,9
17501,8
17507,0
17515,1
17519,0
17529,6
17568,8
17571,7
17579,1
17587,2
17597,8
17599,7
17607,4
17612,1
17613,9
17616,7
17618,9
17627,7
17628,9
17635,5
17648,4
17662,6
17668,0
17682,0
17700,0
17705,5
17707,9
17710,8
17716,5
17718,1
17721,2
17733,5
17740,3
17747,5
17749,1
17761,1
17764,5
17770,2
17777,3
17792,2
17806,3
17807,4
17808,0
17811,7
17812,4
17813,4
17821,5
17829,8
17832,7
17838,7
17851,3
17866,8
17871,9
17873,4
17882,5
17890,3
17898,8
17904,2
17906,8
17914,3
17931,1
17936,7
17953,4
17966,3
17972,2
17979,8
17995,1
18003,7
18007,4
18010,4
18011,8
18017,0
18019,4
18021,2
18026,2
18027,9
18028,5
18029,0
18035,3
18037,1
18041,9
18051,9
18061,6
18067,5
18069,3
18074,3
18076,4
18078,3
18089,6
18097,2
18100,9
18120,7
18124,7
18125,6
18129,6
18134,1
18138,4
18143,7
18144,9
18151,6
18158,4
18159,0
18172,5
18173,7
18178,7
18181,3
18183,3
18185,1
18197,1
18201,8
18204,6
18208,6
18224,4
18225,3
18226,5
18240,1
18246,0
18254,8
18266,7
18268,7
18271,9
18274,1
18289,4
18293,3
18294,3
18297,3
18298,1
18299,9
18311,1
18326,6
18334,0
18341,0
18342,1
18350,3
18351,6
18366,7
18376,0
18378,2
18385,7
18390,2
18391,4
18412,0
18416,4
18426,0
18440,1
18465,0
18475,4
18487,3
18488,4
18490,5
18492,4
18494,6
18507,0
18508,7
18514,8
18516,1
18529,0
18531,6
18541,3
18547,1
18550,1
18563,0
18565,0
18569,2
18571,6
18572,9
18580,9
18592,9
18601,8
18635,1
18636,6
18642,3
18647,6
18664,1
18669,7
18673,2
18688,2
18689,3
18695,8
18710,7
18717,5
18726,9
18730,4
18731,0
18735,2
18757,2
18759,2
18772,9
18782,6
18795,1
18811,4
18840,0
18842,9
18848,1
18850,5
18851,5
18862,4
18865,4
18882,3
18891,1
18896,1
18899,7
18903,4
18906,9
18912,8
18913,1
18915,0
18917,8
18920,2
18928,7
18930,7
18935,4
18941,3
18942,9
18944,2
18946,9
18950,6
18963,3
18965,5
18969,6
18984,3
18986,1
18988,8
18991,7
18993,3
19008,2
19012,1
19015,3
19020,7
19024,1
19027,3
19032,3
19036,3
19046,4
19055,1
19064,4
19077,1
19079,8
19090,0
19103,2
19115,8
19123,0
19127,8
19132,8
19133,1
19142,1
19147,3
19149,6
19160,4
19178,0
19187,4
19189,8
19196,8
19198,6
19199,4
19200,8
19208,5
19212,9
19216,6
19218,4
19223,5
19225,2
19227,1
19233,1
19238,5
19250,5
19251,0
19255,5
19257,9
19260,6
19262,7
19263,4
19268,5
19289,6
19290,3
19291,5
19292,4
19294,7
19302,9
19303,8
19305,7
19322,1
19324,5
19325,6
19334,7
19342,9
19346,5
19349,6
19353,0
19355,3
19358,4
19360,0
19373,3
19375,1
19390,5
19396,2
19397,2
19409,5
19410,8
19418,6
19421,4
19423,9
19429,3
19430,9
19456,8
19461,6
19473,5
19481,7
19483,6
19490,5
19494,3
19500,7
19510,1
19513,2
19521,6
19523,3
19540,9
19541,0
19543,8
19547,1
19551,7
19558,6
19560,6
19565,0
19582,0
19584,6
19590,4
19600,4
19601,3
19607,8
19612,0
19614,9
19618,0
19620,1
19626,8
19632,1
19647,7
19657,2
19662,1
19664,5
19665,8
19670,3
19673,8
19680,2
19682,3
19683,3
19691,0
19700,6
19708,0
19711,1
19715,6
19719,0
19731,8
19740,6
19744,5
19748,7
19751,3
19752,9
19765,4
19770,8
19777,3
19793,3
19796,5
19799,7
19806,3
19809,0
19822,1
19825,9
19830,8
19832,8
19838,3
19839,6
19843,0
19849,8
19851,0
19871,2
19874,3
19875,1
19881,4
19885,4
19886,2
19889,7
19897,7
19903,1
19912,9
19916,8
19926,5
19930,2
19937,7
19940,2
19945,2
19956,3
19966,0
19983,6
20000,7
20001,1
20010,6
20012,5
20014,9
20025,7
20028,8
20045,8
20053,8
20056,4
20079,9
20082,6
20087,0
20105,9
20108,2
20117,9
20122,4
20125,9
20131,6
20132,7
20145,7
20148,2
20149,8
20160,6
20166,3
20181,6
20189,8
20201,0
20202,4
20211,8
20212,8
20214,1
20217,0
20224,9
20231,1
20241,7
20252,6
20253,8
20256,5
20262,2
20264,3
20265,2
20273,7
20292,4
20299,6
20300,4
20306,1
20308,7
20310,7
20314,0
20317,2
20342,6
20343,7
20355,6
20361,8
20370,4
20376,2
20386,3
20388,0
20396,3
20401,0
20413,9
20418,7
20419,4
20421,9
20437,1
20438,0
20452,0
20458,3
20464,0
20473,7
20478,8
20488,3
20489,9
20494,1
20501,4
20521,2
20528,3
20535,4
20536,1
20537,2
20538,1
20541,2
20542,3
20549,1
20550,6
20567,6
20582,1
20587,0
20589,2
20599,1
20604,9
20611,9
20614,1
20622,7
20624,9
20636,5
20642,5
20655,0
20669,8
20681,5
20692,6
20694,4
20698,9
20701,1
20709,7
20711,3
20712,0
20719,3
20721,1
20726,9
20742,3
20748,6
20751,5
20760,1
20766,2
20772,8
20778,3
20800,6
20808,3
20819,9
20830,9
20835,4
20846,4
20864,0
20869,2
20870,8
20874,5
20875,6
20882,6
20897,5
20898,4
20900,3
20903,6
20908,7
20911,0
20916,9
20929,8
20935,8
20936,8
20937,9
20952,4
20962,6
20967,2
20971,9
20984,3
20987,7
20994,1
21004,2
21006,2
21017,7
21026,4
21041,3
21046,7
21049,5
21054,5
21058,5
21064,9
21067,2
21069,2
21070,0
21086,7
21099,9
21113,6
21122,7
21127,6
21139,5
21147,6
21152,5
21155,3
21156,8
21163,4
21167,6
21171,6
21181,3
21182,7
21183,6
21191,5
21197,3
21201,8
21208,6
21216,0
21228,9
21247,4
21251,2
21253,4
21270,9
21277,1
21285,6
21298,9
21310,9
21317,0
21341,8
21355,6
21366,7
21368,4
21370,2
21372,0
21374,6
21388,9
21392,2
21395,4
21397,1
21414,7
21421,5
21424,0
21438,1
21442,5
21443,8
21449,8
21450,9
21452,7
21470,9
21485,7
21486,1
21505,6
21506,1
21522,9
21532,4
21533,0
21539,1
21543,0
21552,3
21559,9
21560,2
21575,8
21578,6
21585,9
21586,0
21592,5
21596,7
21613,4
21616,3
21617,7
21623,7
21632,9
21633,6
21634,8
21643,9
21650,8
21654,3
21659,6
21670,2
21679,1
21687,0
21690,1
21693,2
21700,2
21721,2
21722,3
21747,3
21757,5
21758,7
21769,5
21776,0
21778,2
21782,7
21791,4
21793,0
21795,5
21809,0
21829,6
21833,6
21841,8
21848,6
21851,8
21857,7
21864,3
21866,4
21878,3
21884,3
21895,4
21903,5
21904,9
21910,8
21916,6
21942,0
21943,6
21947,4
21948,4
21951,1
21961,4
21979,7
21982,4
21996,1
22002,7
22014,1
22028,2
22034,0
22040,6
22052,4
22058,0
22061,0
22062,4
22073,9
22076,8
22077,2
22080,4
22081,7
22092,6
22093,3
22132,0
22134,2
22135,0
22140,4
22149,5
22168,3
22170,6
22191,6
22196,9
22204,9
22208,5
22212,7
22222,7
22224,9
22227,9
22228,4
22229,9
22246,1
22252,7
22258,6
22263,7
22269,9
22271,1
22272,8
22273,6
22274,7
22280,2
22283,5
22303,3
22309,5
22314,9
22324,4
22328,4
22330,6
22332,5
22338,5
22339,8
22348,7
22351,2
22353,8
22357,4
22366,9
22368,6
22374,6
22422,3
22434,7
22435,2
22436,2
22437,0
22445,3
22449,5
22450,2
22456,6
22468,8
22487,1
22495,4
22496,4
22500,8
22511,8
22512,4
22519,0
22520,5
22524,7
22532,0
22533,4
22546,9
22547,8
22548,1
22554,8
22556,3
22569,1
22571,2
22574,3
22578,5
22588,3
22590,6
22593,8
22603,8
22615,1
22616,2
22619,6
22621,2
22636,6
22643,6
22644,3
22649,2
22651,3
22656,1
22659,6
22661,8
22662,9
22675,0
22683,3
22686,7
22692,8
22701,2
22721,1
22723,8
22726,1
22727,7
22738,9
22744,3
22750,1
22753,4
22760,0
22763,6
22769,1
22774,8
22796,7
22803,6
22808,2
22813,7
22815,1
22817,9
22824,7
22836,3
22840,4
22842,8
22844,4
22849,3
22853,9
22854,1
22874,6
22881,3
22887,1
22889,1
22897,9
22902,1
22910,5
22911,7
22924,3
22926,6
22928,7
22931,0
22933,3
22941,6
22948,8
22951,2
22954,6
22957,5
22959,0
22964,7
22969,1
22980,8
22987,8
22988,2
22992,8
22995,1
23002,0
23010,1
23013,6
23017,7
23033,6
23036,7
23048,3
23055,1
23056,5
23058,7
23060,7
23080,8
23081,1
23085,6
23103,9
23116,1
23117,9
23120,9
23150,3
23155,2
23160,7
23161,1
23168,4
23174,9
23175,9
23186,9
23195,4
23203,3
23205,0
23214,7
23219,2
23223,5
23233,8
23238,9
23259,4
23264,0
23268,6
23271,5
23275,6
23293,2
23296,6
23298,9
23304,2
23316,2
23339,2
23355,4
23369,7
23371,0
23375,1
23376,6
23378,5
23380,1
23383,7
23391,3
23395,1
23397,0
23421,0
23424,1
23438,4
23444,9
23447,0
23448,7
23453,4
23459,7
23462,6
23463,5
23464,1
23478,5
23492,1
23495,5
23497,1
23501,7
23505,0
23506,2
23514,6
23519,0
23528,0
23532,6
23544,3
23546,5
23549,3
23552,8
23561,1
23590,0
23596,5
23598,3
23610,5
23624,8
23625,9
23629,7
23637,5
23638,4
23641,8
23653,3
23657,3
23665,7
23666,5
23670,0
23687,9
23688,5
23698,9
23699,7
23700,9
23707,1
23708,6
23711,8
23719,6
23725,9
23727,2
23729,1
23730,2
23732,9
23733,8
23735,8
23737,8
23763,9
23776,1
23785,7
23787,9
23791,3
23804,5
23808,2
23812,4
23840,9
23852,7
23854,6
23887,8
23889,0
23891,1
23897,9
23915,0
23916,2
23921,9
23922,9
23924,1
23928,4
23940,2
23941,7
23948,0
23958,8
23964,2
23968,2
23976,6
23978,3
23980,0
23983,5
23994,9
23996,6
24000,6
24006,8
24007,6
24017,7
24018,9
24024,5
24030,3
24032,9
24045,0
24047,6
24049,2
24050,9
24054,1
24065,1
24076,2
24081,0
24085,2
24094,3
24095,6
24098,9
24100,4
24108,0
24112,4
24115,7
24123,2
24124,7
24131,1
24133,8
24143,9
24158,0
24162,6
24181,8
24189,4
24194,5
24197,0
24204,7
24206,8
24211,8
24216,8
24219,1
24224,5
24241,2
24253,5
24257,5
24261,5
24262,5
24268,4
24269,8
24273,8
24279,1
24281,4
24284,6
24288,7
24309,7
24310,1
24317,5
24318,9
24328,1
24329,4
24337,3
24340,8
24341,1
24342,7
24350,3
24352,9
24353,8
24361,6
24362,0
24365,7
24390,8
24396,4
24408,2
24423,9
24425,8
24436,0
24437,0
24442,9
24444,0
24447,5
24462,5
24463,9
24466,1
24473,2
24475,0
24476,5
24484,6
24486,8
24493,0
24499,3
24510,7
24511,2
24512,7
24518,4
24534,6
24540,7
24555,3
24559,7
24566,6
24568,2
24571,4
24572,3
24573,9
24594,6
24599,1
24612,3
24615,2
24624,7
24631,7
24634,3
24644,3
24646,1
24654,6
24655,0
24664,9
24666,6
24671,5
24674,0
24684,9
24692,0
24696,0
24699,6
24712,2
24727,2
24730,0
24732,4
24753,3
24758,8
24766,0
24768,0
24774,4
24780,7
24789,9
24793,7
24797,9
24805,6
24807,2
24825,7
24831,3
24836,2
24838,8
24841,2
24845,1
24852,8
24862,8
24863,6
24866,9
24884,8
24885,7
24898,0
24905,7
24917,5
24926,8
24931,7
24934,2
24945,1
24947,8
24954,3
24968,8
24972,1
24978,0
24985,0
24987,5
24989,8
24994,2
24996,3
25005,8
25009,2
25017,0
25039,4
25041,0
25050,1
25057,2
25058,1
25062,5
25069,7
25070,1
25075,2
25079,1
25081,8
25086,2
25102,8
25126,2
25134,8
25138,9
25153,9
25159,7
25160,8
25172,5
25173,5
25176,6
25195,3
25208,7
25217,0
25220,7
25224,4
25226,9
25232,9
25239,8
25244,8
25248,6
25252,5
25258,5
25259,7
25264,6
25266,3
25274,8
25275,7
25282,0
25286,1
25294,7
25302,3
25306,4
25315,0
25326,3
25331,1
25335,9
25337,1
25351,8
25358,5
25361,7
25370,3
25379,9
25393,2
25398,5
25400,7
25416,1
25419,2
25422,5
25428,8
25434,7
25443,1
25447,1
25449,4
25452,4
25453,8
25454,6
25463,1
25466,2
25467,2
25475,6
25480,6
25489,4
25490,1
25499,6
25512,2
25519,1
25531,0
25547,1
25554,3
25556,3
25561,7
25563,3
25569,0
25570,0
25574,1
25582,1
25591,7
25631,2
25636,1
25642,1
25644,2
25645,0
25646,9
25647,2
25649,2
25655,5
25660,5
25674,2
25680,8
25686,5
25690,8
25696,8
25709,9
25717,9
25718,5
25720,3
25732,5
25738,5
25739,8
25755,9
25756,8
25758,7
25762,9
25771,4
25772,7
25779,2
25785,0
25789,9
25790,6
25794,0
25818,9
25821,1
25822,3
25831,4
25832,2
25836,1
25837,8
25839,4
25845,9
25846,6
25847,7
25851,2
25860,0
25866,6
25867,6
25876,1
25890,8
25911,9
25916,5
25921,1
25926,7
25929,7
25961,0
25980,1
25982,6
25986,9
25988,9
25992,8
25993,6
25996,7
26001,0
26007,6
26017,8
26019,0
26021,4
26025,7
26034,4
26064,0
26079,8
26086,6
26095,1
26097,4
26098,2
26102,9
26120,1
26122,8
26123,3
26129,6
26131,0
26143,1
26144,5
26146,1
26147,7
26159,0
26170,1
26175,4
26187,0
26188,1
26191,4
26194,3
26211,1
26212,0
26215,1
26226,1
26227,6
26228,2
26230,5
26232,5
26243,1
26252,8
26253,8
26262,9
26267,5
26268,7
26285,2
26289,9
26290,7
26291,7
26319,1
26341,8
26344,3
26363,4
26365,6
26366,5
26370,2
26372,0
26374,1
26375,7
26378,1
26383,6
26389,3
26398,0
26402,3
26405,7
26406,9
26428,6
26429,7
26430,9
26438,6
26456,3
26486,7
26489,6
26493,2
26498,0
26506,6
26515,7
26525,1
26542,9
26548,1
26550,1
26553,9
26562,2
26565,4
26601,1
26607,0
26614,9
26615,5
26619,4
26634,2
26655,1
26658,4
26671,4
26675,7
26682,5
26703,6
26708,1
26713,5
26715,0
26738,2
26741,6
26747,9
26749,1
26754,6
26764,2
26772,0
26776,1
26780,9
26781,0
26784,1
26785,1
26787,2
26790,8
26791,0
26797,3
26798,0
26802,6
26811,9
26819,4
26827,3
26829,4
26844,6
26845,8
26849,3
26852,4
26884,2
26885,8
26890,7
26896,5
26901,3
26908,8
26910,7
26922,8
26935,4
26946,5
26957,6
26967,9
26987,3
26992,6
26999,1
27000,6
27025,1
27027,1
27037,5
27039,2
27041,5
27050,3
27052,9
27054,6
27059,3
27077,1
27081,1
27086,8
27087,2
27096,1
27098,1
27100,8
27117,4
27118,2
27119,3
27125,9
27126,4
27141,3
27142,9
27143,9
27148,5
27153,2
27157,0
27158,4
27177,1
27183,3
27194,6
27196,3
27201,8
27203,5
27206,1
27220,2
27221,6
27223,5
27231,5
27234,6
27245,7
27246,9
27248,7
27251,6
27276,4
27280,2
27296,5
27301,0
27307,6
27331,0
27340,8
27347,3
27354,3
27358,6
27361,8
27363,4
27381,6
27383,2
27387,4
27395,0
27396,2
27400,3
27424,1
27427,0
27459,2
27461,2
27467,8
27476,1
27478,7
27485,8
27498,1
27499,6
27502,3
27503,7
27512,7
27514,3
27522,6
27535,6
27540,0
27549,7
27557,5
27560,2
27563,8
27565,8
27570,6
27585,3
27590,9
27602,0
27612,4
27616,1
27622,7
27642,2
27652,9
27654,2
27661,3
27662,0
27692,7
27693,1
27698,4
27699,4
27700,1
27701,1
27704,8
27709,6
27722,7
27723,1
27730,8
27734,6
27745,1
27758,0
27767,1
27770,8
27784,7
27793,3
27802,6
27812,8
27814,9
27816,5
27823,9
27835,4
27842,2
27846,2
27848,3
27855,7
27858,1
27868,3
27869,5
27875,1
27882,4
27894,4
27917,4
27922,2
27924,8
27925,9
27926,0
27936,1
27947,8
27948,9
27951,5
27953,3
27980,5
27989,7
27995,7
27996,7
27997,5
28003,1
28012,6
28014,3
28015,6
28016,3
28030,3
28043,8
28051,7
28053,9
28057,0
28061,4
28070,5
28073,4
28075,6
28083,7
28086,5
28087,5
28090,6
28092,1
28095,0
28098,7
28103,6
28104,5
28107,3
28126,8
28127,6
28135,3
28137,5
28138,6
28142,8
28143,2
28154,5
28159,0
28167,1
28168,9
28173,5
28181,3
28182,9
28189,3
28199,3
28203,5
28205,3
28206,8
28212,3
28231,3
28232,7
28241,1
28242,1
28243,1
28245,1
28246,3
28247,5
28255,1
28275,9
28279,3
28288,8
28314,0
28318,4
28347,7
28348,3
28351,0
28369,3
28381,9
28385,5
28388,4
28392,6
28405,8
28410,6
28413,6
28414,7
28419,9
28424,0
28429,6
28432,8
28455,2
28461,4
28469,7
28479,4
28482,6
28496,3
28498,0
28501,9
28505,7
28518,0
28519,0
28524,5
28527,4
28549,9
28555,3
28558,9
28562,1
28578,0
28582,9
28590,8
28591,1
28592,2
28597,9
28598,8
28605,7
28609,8
28610,9
28616,8
28621,0
28634,7
28638,4
28639,4
28650,9
28660,9
28670,8
28677,7
28680,6
28689,4
28695,4
28711,1
28713,3
28714,3
28715,5
28716,0
28722,2
28727,8
28729,0
28730,6
28734,1
28738,3
28754,2
28759,5
28770,2
28778,7
28779,6
28783,8
28788,7
28797,6
28798,2
28799,1
28807,6
28810,1
28815,5
28816,7
28826,0
28829,9
28839,9
28845,6
28850,8
28862,6
28868,0
28873,6
28878,7
28879,9
28891,4
28895,7
28900,6
28926,0
28939,2
28942,3
28947,0
28949,2
28972,5
28986,6
28996,8
28997,4
29028,6
29033,4
29035,5
29038,4
29060,1
29061,6
29065,7
29087,6
29112,8
29127,8
29134,2
29137,8
29138,0
29142,8
29151,9
29152,2
29153,0
29164,7
29167,4
29175,9
29186,5
29198,2
29209,1
29212,2
29214,1
29222,7
29241,7
29243,9
29250,4
29253,5
29256,3
29261,4
29276,6
29283,2
29290,0
29291,0
29292,6
29295,1
29299,9
29300,9
29303,4
29311,8
29313,7
29319,7
29335,1
29346,3
29347,6
29352,5
29355,5
29358,6
29373,9
29374,1
29392,8
29394,7
29395,4
29397,4
29401,2
29402,9
29404,1
29413,5
29414,3
29416,1
29419,1
29454,4
29465,1
29470,4
29476,1
29480,2
29486,2
29492,1
29496,0
29502,7
29506,1
29511,8
29513,5
29522,0
29523,9
29530,4
29531,9
29534,5
29548,6
29554,4
29560,1
29563,8
29576,6
29582,0
29584,9
29591,2
29592,7
29594,0
29600,6
29603,3
29605,2
29608,8
29618,7
29629,4
29630,6
29631,5
29641,7
29665,6
29667,3
29671,3
29682,8
29685,5
29697,6
29707,5
29710,4
29722,4
29723,5
29726,8
29741,9
29742,4
29749,3
29751,9
29759,0
29763,6
29764,8
29773,1
29775,2
29785,5
29793,1
29824,5
29825,4
29838,1
29854,0
29856,1
29857,3
29863,1
29867,5
29870,5
29871,9
29879,8
29882,9
29885,0
29888,2
29899,1
29901,7
29909,5
29920,1
29923,8
29933,3
29934,5
29939,1
29948,1
29951,5
29963,7
29969,7
29986,8
29988,1
29998,3
30006,8
30010,6
30012,9
30019,9
30023,2
30028,1
30031,2
30044,8
30048,9
30049,5
30056,3
30066,3
30068,7
30094,3
30097,9
30107,6
30140,7
30147,1
30160,3
30164,3
30168,6
30171,9
30176,9
30178,1
30180,6
30183,8
30184,2
30189,3
30201,6
30208,5
30210,1
30217,4
30221,8
30230,1
30234,7
30240,7
30252,6
30257,5
30263,6
30264,4
30278,0
30280,7
30310,5
30311,3
30315,7
30330,1
30338,2
30372,4
30382,8
30386,1
30397,2
30402,1
30403,6
30408,5
30427,1
30439,2
30454,1
30458,9
30460,1
30471,0
30477,1
30485,7
30488,8
30503,9
30514,6
30526,9
30535,0
30554,0
30561,4
30564,1
30565,6
30581,9
30583,8
30585,9
30594,3
30610,3
30611,0
30613,0
30620,5
30633,8
30634,4
30639,3
30647,8
30654,6
30655,0
30656,1
30666,3
30688,0
30690,4
30705,3
30721,1
30731,7
30734,8
30738,8
30743,3
30749,2
30753,7
30757,4
30773,0
30788,2
30825,8
30826,9
30827,2
30843,5
30844,9
30850,6
30855,5
30860,9
30867,5
30868,9
30871,4
30873,7
30891,5
30895,8
30896,3
30905,0
30916,4
30918,4
30919,1
30922,6
30925,6
30927,1
30932,7
30940,2
30957,1
30962,8
30969,1
30973,2
30978,7
30981,3
30986,2
30987,5
30993,4
31002,1
31006,6
31011,7
31015,9
31025,7
31029,7
31030,5
31038,9
31046,9
31047,4
31048,7
31051,9
31055,6
31066,1
31074,6
31085,7
31102,6
31103,4
31104,6
31109,5
31114,7
31115,6
31128,8
31137,1
31148,0
31157,8
31163,1
31164,7
31170,0
31181,6
31185,7
31188,1
31195,7
31204,1
31237,2
31239,3
31248,8
31254,6
31255,6
31261,3
31265,6
31267,3
31271,5
31277,0
31279,6
31285,7
31299,8
31307,5
31320,4
31323,1
31329,7
31333,8
31341,3
31342,8
31343,1
31346,2
31348,3
31349,7
31352,2
31355,0
31356,8
31369,4
31372,5
31380,2
31381,9
31390,9
31406,1
31409,2
31411,8
31430,2
31434,6
31437,6
31452,2
31455,6
31465,9
31477,4
31488,9
31490,0
31503,1
31507,3
31508,1
31515,7
31519,1
31524,4
31536,3
31548,7
31549,3
31556,7
31560,9
31590,3
31604,1
31621,0
31628,0
31630,6
31633,1
31641,7
31657,9
31662,2
31673,5
31677,0
31681,0
31688,0
31697,9
31706,7
31724,8
31727,6
31735,3
31744,3
31751,1
31752,1
31764,3
31767,9
31783,0
31785,4
31821,4
31824,5
31832,6
31835,1
31842,5
31852,4
31856,9
31863,8
31866,9
31870,0
31888,1
31895,4
31898,6
31903,5
31909,8
31912,3
31920,5
31923,5
31925,1
31938,8
31939,3
31940,5
31959,4
31961,4
31965,3
31966,5
31976,5
31983,1
31988,5
31989,3
32006,9
32022,9
32028,0
32036,5
32038,5
32039,8
32042,0
32044,9
32052,7
32054,3
32058,6
32069,1
32080,3
32092,3
32093,3
32100,5
32109,4
32117,5
32119,1
32128,5
32144,9
32146,3
32150,0
32153,0
32161,9
32165,6
32168,0
32169,5
32173,2
32178,1
32186,5
32188,4
32190,9
32193,0
32196,8
32201,9
32206,1
32208,1
32217,3
32223,1
32232,7
32234,4
32237,7
32238,4
32240,1
32242,6
32244,6
32250,7
32268,8
32276,3
32285,1
32289,8
32297,6
32299,9
32308,4
32313,0
32315,8
32321,9
32325,4
32342,9
32343,1
32345,4
32347,5
32373,7
32384,6
32386,6
32404,4
32407,2
32409,9
32415,4
32423,7
32426,6
32435,4
32436,6
32439,3
32448,1
32449,4
32455,4
32456,4
32457,2
32461,1
32463,7
32481,1
32486,6
32487,6
32503,2
32511,3
32519,6
32525,2
32539,9
32542,6
32544,1
32545,4
32546,6
32550,7
32562,6
32566,0
32574,3
32578,4
32588,1
32598,1
32608,6
32619,8
32623,2
32629,5
32631,2
32636,1
32641,1
32642,2
32645,3
32649,8
32651,6
32662,6
32675,9
32676,1
32682,7
32687,9
32688,0
32707,2
32726,4
32738,2
32745,8
32749,9
32752,7
32764,2
32776,5
32778,1
32780,1
32790,4
32794,3
32818,7
32820,6
32826,1
32840,4
32856,1
32865,8
32868,3
32871,1
32888,0
32889,9
32890,8
32896,6
32898,7
32902,2
32906,0
32927,8
32933,6
32936,2
32948,6
32952,8
32953,7
32965,6
32979,7
32980,1
32981,5
32988,3
32995,3
33003,7
33010,8
33020,8
33026,1
33027,6
33029,1
33040,0
33049,4
33051,5
33057,2
33062,3
33063,4
33064,9
33079,0
33083,0
33084,2
33086,4
33115,6
33118,0
33126,2
33140,3
33150,7
33155,3
33156,1
33158,8
33159,8
33165,8
33175,6
33178,9
33179,3
33181,5
33198,2
33212,5
33213,2
33220,5
33225,4
33233,3
33243,5
33247,6
33248,5
33250,9
33253,2
33267,6
33268,3
33279,2
33288,0
33291,7
33295,9
33301,0
33304,9
33306,3
33310,4
33327,1
33336,5
33360,3
33366,6
33376,1
33382,6
33384,9
33409,5
33413,0
33415,5
33419,8
33421,3
33425,4
33436,2
33441,2
33443,3
33461,5
33463,0
33473,6
33474,0
33477,6
33478,5
33480,1
33493,6
33498,3
33500,3
33528,7
33533,9
33550,1
33560,1
33564,5
33575,0
33577,9
33581,6
33599,8
33600,8
33601,7
33615,7
33623,0
33630,8
33639,8
33640,3
33641,7
33644,4
33647,2
33679,2
33694,4
33705,1
33719,7
33721,3
33725,5
33741,0
33743,1
33744,8
33747,1
33748,0
33761,5
33771,0
33777,6
33782,4
33785,6
33793,0
33795,6
33797,2
33805,2
33810,3
33823,1
33829,2
33832,4
33842,3
33859,5
33860,0
33861,0
33865,4
33873,5
33875,0
33878,4
33879,6
33888,5
33892,5
33893,8
33897,3
33904,4
33906,8
33913,5
33931,1
33932,2
33949,1
33950,2
33956,9
33964,8
33967,7
33969,1
33974,3
33977,9
33988,3
33993,2
34004,8
34030,3
34040,1
34041,4
34049,7
34051,3
34056,7
34060,5
34062,8
34066,8
34072,2
34075,2
34084,9
34090,7
34091,7
34094,2
34110,5
34111,0
34126,4
34128,4
34129,3
34132,1
34154,3
34158,9
34162,8
34166,6
34168,1
34169,7
34171,2
34177,0
34179,7
34182,5
34190,9
34192,8
34197,6
34212,4
34217,5
34220,6
34223,7
34232,1
34234,5
34245,7
34249,0
34250,4
34266,9
34278,2
34281,2
34284,5
34301,1
34313,6
34315,0
34320,3
34322,0
34336,5
34339,9
34345,9
34351,1
34353,0
34360,0
34374,3
34392,7
34395,6
34396,8
34398,2
34403,0
34412,5
34421,2
34422,6
34426,5
34441,8
34446,7
34458,5
34481,1
34483,8
34484,1
34487,4
34493,8
34495,0
34497,8
34509,7
34515,1
34526,0
34546,5
34551,8
34561,6
34566,7
34574,4
34576,8
34577,4
34579,6
34581,5
34583,0
34594,7
34598,4
34601,1
34614,1
34619,9
34623,9
34627,5
34628,5
34634,1
34638,1
34648,6
34653,0
34656,3
34661,1
34662,3
34667,4
34677,3
34678,5
34687,1
34689,8
34696,9
34700,0
34702,4
34708,9
34723,3
34736,8
34738,2
34741,1
34747,6
34748,3
34765,3
34766,6
34767,6
34768,0
34775,0
34786,7
34787,5
34788,8
34794,9
34804,4
34805,9
34810,5
34811,3
34817,1
34819,3
34821,8
34822,7
34837,4
34841,9
34846,8
34848,7
34858,1
34868,1
34879,3
34889,3
34900,1
34912,5
34913,5
34922,8
34933,0
34948,2
34960,1
34963,1
34967,4
34968,9
34978,2
34988,2
35005,9
35006,4
35010,7
35028,0
35029,9
35030,4
35033,3
35035,9
35038,6
35044,5
35048,7
35056,6
35066,6
35075,3
35089,9
35123,4
35134,4
35138,7
35140,8
35141,1
35143,4
35151,0
35153,6
35158,4
35159,7
35163,4
35183,0
35191,6
35193,3
35204,1
35212,5
35231,4
35237,8
35248,3
35253,7
35256,7
35257,6
35258,7
35269,7
35270,6
35273,7
35276,4
35277,0
35280,1
35285,3
35293,6
35294,3
35300,5
35302,5
35311,0
35314,5
35316,6
35318,2
35319,7
35330,1
35332,0
35345,3
35346,3
35353,2
35358,8
35367,6
35372,2
35373,7
35376,4
35378,5
35393,6
35403,7
35404,7
35406,1
35412,0
35414,4
35418,0
35431,0
35434,4
35438,9
35444,8
35447,1
35452,5
35463,9
35472,9
35481,7
35489,6
35497,9
35499,9
35503,1
35510,1
35514,9
35517,4
35520,0
35522,9
35533,0
35540,6
35554,7
35560,3
35566,6
35568,6
35570,1
35571,3
35575,2
35586,3
35587,8
35613,0
35616,1
35617,1
35619,0
35626,6
35631,6
35635,7
35648,3
35651,5
35653,5
35663,4
35678,0
35687,1
35688,1
35696,5
35725,2
35727,0
35730,7
35733,0
35734,8
35740,3
35741,5
35751,2
35755,0
35758,9
35759,3
35761,2
35766,3
35767,0
35770,9
35775,4
35779,9
35782,7
35791,0
35796,0
35805,8
35821,3
35823,6
35825,3
35835,8
35843,5
35848,6
35850,1
35854,6
35860,7
35862,8
35867,6
35873,8
35877,7
35879,3
35892,0
35901,9
35910,7
35922,7
35933,4
35937,3
35952,1
35963,3
35964,3
35970,5
35973,7
35979,3
35980,3
35983,4
35992,1
35997,6
36001,0
36002,6
36020,3
36026,7
36030,0
36040,2
36041,6
36055,2
36059,3
36063,6
36071,2
36095,1
36110,1
36111,7
36115,3
36124,1
36126,7
36131,2
36141,1
36148,9
36155,6
36165,2
36167,0
36169,7
36184,7
36191,5
36193,6
36194,6
36196,2
36207,7
36213,8
36217,2
36228,5
36231,7
36233,1
36234,8
36253,7
36261,6
36263,8
36264,1
36275,5
36286,5
36289,4
36304,4
36317,6
36325,0
36327,4
36337,3
36364,9
36369,2
36375,2
36385,2
36386,5
36403,2
36409,2
36410,3
36412,6
36418,8
36419,0
36436,9
36442,8
36451,7
36457,9
36468,0
36471,1
36480,5
36488,6
36491,8
36495,9
36519,9
36559,0
36561,7
36563,5
36565,1
36567,1
36576,0
36583,2
36600,4
36602,8
36603,3
36606,8
36612,8
36613,2
36614,8
36617,8
36619,2
36623,9
36640,5
36649,9
36671,6
36672,8
36673,2
36680,7
36682,4
36686,1
36692,6
36696,7
36706,3
36708,2
36710,6
36715,2
36717,5
36724,8
36735,9
36738,4
36744,6
36750,8
36755,2
36762,8
36765,5
36766,0
36785,3
36791,9
36797,5
36799,7
36800,7
36801,3
36805,2
36806,4
36808,8
36809,3
36811,3
36816,9
36831,7
36832,9
36840,3
36842,8
36844,0
36845,0
36849,1
36854,0
36874,7
36877,6
36880,5
36887,1
36903,7
36906,8
36910,6
36922,2
36924,5
36942,3
36943,2
36944,8
36951,8
36963,3
36964,8
36965,5
36966,6
36969,0
36972,1
37006,2
37031,9
37032,0
37036,4
37044,6
37047,1
37049,7
37054,5
37058,9
37061,4
37063,7
37069,0
37075,9
37086,4
37088,2
37091,7
37096,7
37098,7
37107,2
37108,6
37118,7
37121,4
37126,0
37127,0
37139,6
37147,1
37159,2
37167,5
37172,5
37184,0
37206,4
37220,6
37222,0
37224,0
37233,7
37238,4
37240,8
37242,3
37249,2
37257,1
37274,5
37275,9
37282,8
37288,1
37297,7
37298,8
37300,9
37302,9
37304,4
37305,3
37335,0
37337,2
37339,4
37370,9
37378,3
37380,9
37390,7
37391,9
37392,4
37394,6
37399,5
37412,7
37419,3
37422,5
37427,7
37428,0
37429,1
37442,1
37447,4
37450,5
37456,3
37459,7
37466,5
37469,1
37471,2
37479,6
37486,3
37499,7
37501,6
37505,6
37508,5
37515,2
37524,1
37530,7
37539,1
37557,1
37563,5
37579,6
37583,1
37604,8
37609,1
37612,7
37629,3
37632,6
37639,4
37653,3
37657,7
37664,9
37666,7
37674,9
37678,8
37680,5
37685,2
37691,4
37695,8
37697,0
37710,3
37718,1
37719,8
37721,0
37737,7
37739,5
37745,3
37748,0
37756,3
37760,4
37772,7
37773,4
37776,6
37779,8
37793,8
37794,3
37801,5
37805,3
37807,4
37815,4
37816,1
37819,6
37826,4
37828,9
37844,4
37848,2
37857,6
37859,4
37865,4
37880,5
37902,1
37903,6
37914,6
37918,9
37919,3
37939,0
37945,0
37953,8
37964,4
37977,4
37979,3
37993,3
38010,1
38027,1
38038,8
38050,3
38064,9
38065,4
38072,1
38080,8
38082,5
38086,4
38095,1
38098,2
38100,0
38121,9
38129,3
38156,6
38164,2
38169,5
38170,3
38191,3
38197,7
38206,8
38208,6
38210,4
38219,3
38229,6
38230,5
38232,9
38235,5
38242,8
38244,2
38250,1
38263,8
38283,8
38291,2
38293,9
38300,7
38302,1
38306,7
38326,8
38336,9
38348,0
38366,5
38384,5
38393,1
38410,9
38416,0
38417,0
38418,8
38420,4
38422,9
38423,1
38424,3
38430,4
38431,6
38447,4
38455,8
38463,6
38467,3
38474,5
38475,3
38476,0
38496,8
38497,7
38503,5
38510,8
38513,7
38522,8
38524,3
38527,7
38529,2
38530,1
38533,8
38559,3
38575,7
38585,1
38589,6
38591,0
38597,0
38599,2
38604,6
38605,4
38606,4
38614,2
38619,8
38625,4
38627,2
38628,7
38630,1
38631,6
38632,5
38642,1
38644,8
38650,0
38655,6
38657,6
38663,9
38665,0
38669,0
38681,3
38687,6
38696,5
38698,5
38700,5
38703,0
38708,7
38714,6
38730,2
38734,9
38739,8
38740,0
38744,2
38765,3
38768,1
38773,0
38785,1
38788,3
38801,0
38802,7
38813,1
38817,4
38830,3
38831,0
38834,9
38836,0
38863,3
38869,1
38889,7
38893,3
38899,5
38900,5
38910,0
38915,6
38934,3
38938,9
38946,4
38947,3
38950,8
38954,3
38956,6
38957,0
38960,5
38961,9
38963,8
38973,8
38974,7
38982,3
39002,5
39006,4
39029,2
39031,9
39041,3
39049,2
39055,8
39057,9
39069,3
39077,0
39083,2
39085,1
39098,8
39114,3
39117,9
39119,1
39121,6
39124,5
39130,7
39131,1
39132,0
39153,5
39155,0
39172,6
39174,4
39177,3
39184,9
39191,8
39193,8
39195,0
39203,2
39206,6
39207,1
39218,8
39224,0
39249,3
39250,9
39251,6
39254,2
39259,9
39261,2
39266,6
39267,4
39269,1
39271,1
39272,5
39279,0
39284,0
39288,2
39294,4
39308,1
39310,4
39311,0
39315,4
39321,9
39322,6
39324,6
39328,4
39332,6
39346,1
39360,7
39364,8
39370,7
39371,5
39373,3
39377,3
39378,2
39383,4
39396,6
39408,6
39427,6
39437,9
39457,1
39465,6
39472,3
39477,7
39478,8
39482,9
39484,8
39492,1
39495,5
39497,6
39505,0
39506,8
39507,7
39509,0
39511,9
39533,8
39548,1
39551,0
39555,9
39560,7
39568,3
39575,0
39578,6
39586,2
39607,3
39608,5
39612,7
39613,5
39619,0
39621,7
39622,8
39623,7
39631,8
39645,4
39656,4
39664,9
39669,0
39681,8
39682,6
39686,3
39687,7
39692,7
39700,9
39706,5
39716,4
39719,1
39723,7
39732,0
39734,4
39742,4
39748,9
39774,3
39784,5
39810,1
39812,1
39829,2
39853,2
39868,4
39876,0
39877,0
39889,7
39893,7
39898,5
39900,9
39906,6
39920,1
39923,9
39933,0
39956,7
39973,5
39978,3
39979,8
39986,8
39992,2
39998,3
40013,0
40014,2
40019,1
40020,7
40021,0
40024,5
40025,5
40032,1
40033,5
40035,3
40047,9
40055,1
40076,6
40087,1
40089,9
40096,9
40100,7
40102,2
40110,4
40114,5
40120,5
40126,8
40127,8
40155,0
40157,8
40173,3
40174,2
40186,6
40188,4
40192,8
40195,6
40207,7
40210,7
40217,1
40230,8
40245,9
40247,3
40255,7
40260,3
40273,1
40278,1
40279,5
40295,9
40298,6
40299,1
40302,1
40308,0
40310,0
40311,1
40321,3
40323,1
40326,2
40333,7
40335,9
40340,9
40358,7
40363,2
40365,8
40368,4
40374,3
40376,8
40396,0
40399,3
40408,1
40412,7
40416,7
40417,1
40436,5
40438,0
40442,3
40482,0
40484,6
40485,1
40488,8
40489,6
40503,0
40516,8
40522,7
40526,1
40535,1
40551,0
40554,2
40558,3
40562,8
40567,0
40574,8
40589,5
40593,8
40596,0
40597,2
40618,4
40620,9
40621,8
40626,0
40640,1
40648,1
40653,1
40655,9
40663,0
40671,3
40672,0
40675,3
40676,9
40682,5
40683,5
40692,4
40702,8
40705,6
40710,3
40711,7
40720,2
40725,8
40726,8
40730,6
40734,4
40738,0
40741,6
40743,5
40750,4
40755,2
40767,8
40775,3
40776,0
40780,9
40786,7
40795,6
40803,7
40804,5
40813,7
40817,8
40825,0
40833,7
40839,2
40843,5
40844,7
40845,4
40849,6
40866,9
40882,4
40886,2
40893,3
40897,5
40923,9
40927,4
40936,7
40938,4
40939,0
40957,6
40959,3
40967,2
40978,6
40981,4
40991,6
40997,5
41009,7
41011,1
41020,0
41032,9
41034,8
41037,8
41038,6
41040,4
41041,8
41043,8
41051,7
41061,0
41065,6
41079,1
41081,4
41094,1
41107,4
41123,0
41132,1
41133,5
41136,9
41142,5
41149,9
41151,5
41158,4
41164,0
41166,5
41172,8
41174,6
41177,5
41178,9
41181,8
41188,0
41192,1
41201,4
41209,9
41211,1
41214,0
41216,9
41218,9
41220,8
41227,0
41234,9
41241,3
41263,6
41280,3
41285,9
41287,6
41291,6
41295,4
41299,2
41304,7
41312,6
41320,6
41330,4
41342,3
41350,7
41352,0
41359,1
41361,1
41368,2
41377,7
41380,8
41382,6
41394,5
41397,0
41400,1
41408,3
41409,4
41415,3
41417,5
41433,3
41436,8
41461,0
41479,4
41487,2
41498,8
41506,2
41514,6
41527,0
41539,6
41541,6
41544,2
41548,7
41554,9
41574,0
41577,4
41578,7
41586,5
41603,2
41605,4
41628,6
41631,6
41642,6
41643,9
41646,0
41659,7
41684,2
41694,6
41707,8
41721,4
41739,4
41745,5
41748,6
41753,9
41766,0
41767,6
41770,8
41771,6
41807,0
41821,8
41824,9
41827,5
41832,8
41834,6
41835,1
41839,9
41842,3
41857,3
41873,2
41877,7
41883,9
41886,1
41904,5
41911,6
41920,4
41922,4
41965,4
41968,7
41995,3
42007,7
42008,3
42010,7
42013,9
42021,0
42026,6
42034,0
42057,0
42058,4
42060,5
42061,8
42069,7
42080,1
42086,1
42089,5
42095,6
42101,6
42107,8
42110,0
42118,9
42123,6
42129,7
42131,0
42134,5
42135,8
42144,4
42147,7
42156,6
42161,4
42166,9
42170,2
42180,6
42183,5
42187,6
42196,2
42201,3
42206,0
42207,4
42212,0
42217,0
42218,8
42219,5
42222,3
42243,0
42244,7
42245,9
42246,3
42256,4
42265,7
42273,4
42301,9
42302,8
42304,8
42321,9
42333,6
42335,7
42344,2
42345,6
42351,6
42353,8
42354,8
42355,8
42358,5
42360,6
42361,0
42362,1
42380,4
42382,3
42385,9
42386,0
42390,3
42397,0
42399,8
42412,6
42415,8
42416,9
42434,6
42475,6
42476,6
42501,9
42511,5
42513,1
42524,9
42526,5
42535,3
42536,4
42557,7
42564,9
42576,4
42579,9
42581,0
42595,1
42608,5
42610,6
42615,4
42619,7
42620,4
42630,7
42633,4
42637,8
42645,7
42646,0
42653,9
42657,0
42659,7
42662,8
42670,3
42672,5
42679,1
42695,2
42698,5
42708,7
42722,9
42727,4
42728,9
42733,5
42748,5
42754,2
42759,9
42763,1
42768,8
42769,5
42785,8
42794,7
42809,5
42837,0
42853,5
42864,0
42866,0
42872,6
42873,8
42877,8
42879,5
42886,3
42887,8
42899,9
42909,0
42915,2
42921,3
42933,6
42938,6
42942,8
42944,1
42948,8
42958,0
42959,7
42961,2
42966,0
42967,9
42985,3
42999,0
43005,8
43009,2
43010,2
43015,2
43019,0
43030,4
43056,5
43064,9
43070,9
43090,5
43096,2
43097,8
43099,9
43110,9
43118,4
43126,0
43140,6
43147,4
43164,7
43192,3
43194,1
43197,8
43206,4
43215,1
43218,6
43220,3
43222,1
43225,5
43234,4
43236,7
43238,4
43239,6
43259,3
43262,2
43271,4
43280,2
43287,1
43297,0
43318,6
43329,0
43337,1
43343,0
43362,0
43369,8
43372,4
43377,7
43387,2
43395,7
43406,7
43408,0
43416,6
43418,2
43427,4
43434,1
43442,1
43443,1
43446,0
43447,7
43448,8
43450,6
43451,8
43457,7
43459,6
43466,8
43496,1
43511,7
43516,0
43519,8
43537,2
43542,1
43547,3
43550,2
43557,8
43562,0
43564,0
43567,0
43572,3
43595,6
43597,7
43604,7
43616,8
43617,0
43626,1
43638,3
43644,8
43649,1
43664,5
43666,7
43668,7
43689,5
43690,9
43701,1
43725,3
43739,6
43742,9
43746,3
43747,2
43748,6
43749,9
43753,4
43760,0
43762,0
43767,3
43769,8
43782,4
43784,7
43785,3
43797,0
43799,2
43802,8
43806,9
43811,8
43820,6
43821,1
43849,0
43851,3
43880,8
43886,3
43893,3
43899,4
43921,6
43923,0
43924,2
43927,2
43929,7
43934,3
43936,2
43943,5
43955,2
43959,1
43967,4
43979,5
43981,7
43986,7
43992,7
43996,0
44000,6
44018,0
44020,8
44030,3
44033,0
44035,7
44039,7
44040,0
44042,6
44048,4
44057,2
44061,5
44067,8
44069,2
44070,4
44072,5
44076,5
44080,6
44089,3
44099,7
44112,7
44114,2
44115,9
44120,0
44122,8
44124,5
44140,3
44148,2
44156,4
44159,8
44160,1
44175,0
44185,6
44193,5
44200,3
44203,4
44206,9
44218,6
44220,1
44222,2
44225,6
44234,4
44241,8
44248,4
44260,2
44264,6
44268,3
44273,9
44275,3
44279,3
44296,0
44304,1
44307,4
44309,1
44310,5
44318,0
44334,4
44345,9
44360,1
44369,9
44374,9
44375,8
44401,1
44403,1
44409,5
44412,0
44428,5
44441,9
44456,2
44457,9
44469,1
44480,8
44485,0
44486,3
44504,9
44515,1
44521,2
44525,1
44527,8
44531,0
44533,9
44534,4
44537,2
44546,1
44563,6
44565,2
44607,7
44611,1
44619,5
44626,9
44631,7
44634,7
44648,6
44669,2
44672,6
44677,5
44679,6
44687,6
44700,9
44711,6
44712,7
44715,2
44719,6
44721,3
44726,2
44739,7
44740,5
44741,0
44747,8
44749,6
44760,6
44762,9
44766,2
44772,3
44784,2
44809,6
44816,4
44821,7
44828,5
44833,2
44844,3
44846,1
44847,8
44848,0
44852,8
44855,0
44863,1
44870,2
44872,1
44873,1
44876,8
44883,5
44890,5
44895,2
44906,3
44907,6
44910,6
44913,2
44921,3
44923,4
44926,9
44931,3
44948,5
44949,4
44956,3
44962,0
44965,1
44969,3
44977,8
44983,7
44989,3
45004,8
45013,5
45014,3
45036,6
45040,8
45042,6
45045,1
45047,5
45052,0
45054,2
45055,4
45056,2
45057,5
45058,4
45066,3
45068,4
45081,9
45087,5
45102,5
45104,4
45106,5
45110,6
45111,6
45114,4
45137,0
45141,1
45143,1
45149,1
45151,2
45156,3
45171,4
45177,2
45195,7
45199,6
45200,3
45210,3
45211,8
45215,6
45244,0
45247,2
45252,8
45260,7
45264,4
45268,5
45273,3
45275,6
45293,8
45303,6
45310,6
45327,0
45329,4
45336,0
45343,8
45345,5
45348,1
45364,7
45375,5
45380,2
45388,6
45399,4
45404,6
45406,6
45408,6
45409,5
45423,2
45427,6
45438,1
45440,7
45443,2
45458,4
45467,9
45470,4
45474,3
45476,7
45481,8
45484,2
45491,9
45504,9
45534,3
45535,5
45542,9
45543,3
45544,5
45589,5
45592,4
45611,7
45613,1
45616,9
45619,6
45622,7
45624,2
45629,3
45632,8
45633,0
45652,5
45653,6
45654,6
45655,3
45657,3
45665,8
45668,3
45670,5
45682,0
45689,2
45693,5
45697,0
45703,6
45705,7
45710,2
45712,3
45722,7
45725,3
45737,5
45795,3
45806,8
45811,1
45813,7
45824,3
45825,4
45826,8
45847,1
45857,6
45874,1
45876,9
45902,1
45904,0
45905,5
45908,3
45918,6
45926,4
45928,0
45940,5
45942,7
45970,7
45990,8
45991,8
45997,1
46002,6
46003,4
46005,8
46012,7
46016,8
46018,4
46019,0
46025,0
46028,6
46029,3
46038,3
46042,1
46043,4
46051,4
46052,9
46066,4
46069,2
46071,6
46072,8
46075,1
46081,5
46088,0
46089,8
46093,2
46100,8
46113,1
46144,0
46152,8
46157,2
46160,8
46163,2
46171,2
46180,1
46199,2
46201,9
46203,0
46205,9
46211,0
46216,5
46219,9
46220,5
46222,9
46223,1
46226,2
46227,5
46235,3
46237,2
46256,5
46263,6
46265,5
46267,2
46268,7
46270,1
46274,6
46275,1
46282,5
46292,6
46302,0
46317,8
46329,3
46330,4
46338,7
46339,8
46350,0
46353,1
46360,2
46365,9
46366,9
46385,5
46391,1
46407,2
46417,1
46422,1
46426,9
46427,2
46429,2
46431,7
46438,7
46444,2
46450,4
46460,6
46476,0
46478,4
46488,5
46497,9
46507,6
46513,7
46514,8
46526,1
46532,2
46546,8
46551,4
46554,0
46558,6
46596,0
46605,9
46608,6
46620,7
46632,9
46639,7
46647,4
46650,7
46657,7
46658,8
46659,1
46661,3
46663,6
46694,5
46704,1
46706,4
46708,2
46709,0
46712,6
46717,7
46728,1
46729,0
46744,0
46750,8
46753,3
46755,4
46757,3
46760,7
46763,7
46764,0
46765,1
46772,1
46773,5
46811,7
46813,7
46815,8
46821,8
46831,1
46838,3
46843,6
46845,4
46858,8
46859,1
46866,3
46871,2
46872,3
46876,0
46878,1
46890,9
46910,7
46916,1
46939,6
46940,3
46942,9
46944,1
46954,1
46955,2
46959,9
46970,1
46998,5
47000,6
47010,8
47011,2
47012,8
47027,6
47028,1
47031,5
47036,3
47040,3
47041,2
47045,9
47061,5
47068,1
47076,2
47090,4
47091,6
47115,0
47117,4
47122,5
47132,8
47148,6
47152,1
47157,0
47158,4
47164,4
47176,0
47185,3
47187,0
47193,7
47196,6
47200,0
47201,4
47204,3
47213,8
47215,3
47220,2
47229,9
47236,7
47266,7
47269,6
47273,5
47275,6
47277,3
47288,6
47305,0
47307,7
47318,4
47328,9
47331,4
47333,3
47338,7
47339,4
47343,1
47356,2
47361,2
47372,8
47374,1
47379,8
47388,8
47392,7
47396,6
47410,7
47444,5
47445,7
47447,8
47454,2
47469,8
47470,4
47471,1
47477,0
47481,5
47483,1
47494,1
47498,4
47509,5
47516,0
47534,8
47542,1
47543,4
47564,3
47567,3
47569,9
47571,7
47580,8
47581,5
47586,8
47624,1
47625,2
47633,5
47635,8
47638,3
47642,4
47645,1
47650,3
47656,3
47681,0
47692,4
47693,4
47696,2
47701,3
47704,8
47713,6
47716,6
47721,7
47725,3
47733,8
47738,3
47743,6
47744,7
47746,2
47757,5
47759,8
47761,4
47762,0
47764,3
47774,1
47776,6
47780,1
47781,3
47782,9
47789,4
47799,1
47810,7
47818,7
47819,9
47820,6
47826,3
47827,0
47828,1
47830,9
47832,8
47835,7
47840,1
47847,6
47848,0
47865,5
47866,0
47867,1
47877,7
47879,2
47888,8
47903,5
47912,9
47920,5
47928,7
47935,9
47939,1
47940,4
47941,9
47942,6
47957,4
47961,4
47963,9
47965,2
47990,3
47997,2
48004,9
48007,8
48008,8
48012,5
48019,9
48020,0
48039,4
48046,0
48053,9
48061,7
48069,8
48088,9
48097,5
48101,5
48118,7
48122,4
48130,0
48149,5
48153,9
48155,0
48162,2
48171,0
48175,2
48188,9
48194,5
48231,1
48238,8
48253,7
48255,0
48256,6
48259,4
48264,4
48267,0
48283,8
48294,3
48317,2
48326,2
48333,7
48340,1
48344,4
48347,3
48358,8
48363,7
48364,9
48370,2
48380,6
48394,9
48403,5
48409,9
48424,6
48430,7
48431,8
48438,0
48443,3
48446,6
48459,9
48469,6
48486,1
48488,8
48490,2
48493,8
48499,9
48505,3
48514,3
48518,4
48528,3
48534,5
48539,4
48542,3
48555,5
48557,6
48558,8
48559,2
48569,5
48570,4
48577,5
48598,6
48608,6
48609,2
48612,4
48617,1
48625,2
48626,8
48627,9
48628,8
48632,2
48636,7
48637,1
48638,8
48640,0
48647,4
48651,3
48658,1
48660,0
48673,6
48675,0
48679,2
48693,7
48696,6
48697,8
48701,5
48705,2
48711,5
48727,9
48731,4
48746,8
48752,5
48770,0
48784,7
48788,7
48789,0
48792,7
48798,5
48811,0
48814,4
48818,8
48821,4
48822,7
48823,9
48824,5
48832,7
48840,1
48842,9
48849,4
48852,8
48853,6
48854,3
48860,7
48865,4
48871,7
48880,2
48887,5
48892,2
48893,8
48899,5
48900,4
48906,3
48909,6
48922,4
48928,3
48930,7
48933,4
48940,1
48945,8
48946,9
48953,1
48956,0
48959,4
48960,8
48967,0
48968,0
48969,4
48979,2
48987,3
48988,0
48995,6
49008,2
49009,6
49018,6
49039,6
49043,7
49044,8
49053,5
49059,2
49060,7
49065,2
49066,8
49079,5
49085,2
49091,8
49095,3
49110,5
49112,8
49117,9
49121,2
49131,9
49139,4
49142,5
49144,3
49152,3
49153,6
49157,0
49160,7
49161,7
49167,7
49176,3
49196,5
49205,6
49210,1
49215,6
49218,8
49236,8
49238,6
49244,2
49254,1
49255,5
49267,6
49281,9
49285,9
49298,8
49304,8
49309,7
49320,2
49327,8
49343,2
49357,1
49358,4
49360,7
49383,4
49385,8
49396,1
49405,4
49409,4
49415,2
49429,6
49430,9
49437,7
49450,9
49452,7
49459,7
49481,0
49482,9
49493,3
49497,3
49501,2
49509,8
49522,9
49538,9
49539,2
49544,9
49549,0
49552,6
49557,3
49559,3
49560,4
49570,3
49571,8
49572,1
49575,0
49592,7
49594,7
49595,9
49599,2
49622,7
49631,9
49652,3
49657,9
49658,9
49666,2
49670,8
49672,7
49673,7
49678,5
49682,4
49693,0
49695,5
49708,3
49710,9
49711,3
49712,5
49716,9
49717,3
49719,3
49724,1
49729,7
49733,1
49740,9
49741,2
49744,2
49752,2
49753,4
49760,7
49762,7
49763,4
49764,7
49768,2
49769,8
49778,1
49779,7
49783,6
49785,4
49792,2
49796,6
49801,9
49806,4
49815,0
49816,8
49818,0
49828,0
49837,3
49861,3
49870,0
49872,2
49876,2
49877,1
49882,7
49884,0
49885,3
49904,5
49914,0
49924,5
49930,4
49932,9
49937,6
49941,1
49943,3
49955,0
49958,9
49963,7
49965,6
49982,1
49990,8
49991,1
50015,5
50020,5
50029,3
50035,2
50055,1
50056,9
50066,4
50073,3
50077,6
50080,8
50085,9
50091,7
50093,2
50096,4
50099,0
50104,4
50113,7
50118,2
50126,9
50139,8
50144,6
50153,3
50166,6
50169,2
50173,7
50184,4
50191,9
50197,4
50203,4
50206,7
50233,2
50235,8
50247,0
50271,2
50272,1
50308,8
50309,5
50312,4
50315,5
50337,2
50340,3
50348,1
50364,6
50378,4
50393,5
50399,1
50403,5
50404,4
50406,0
50416,7
50422,6
50425,5
50432,0
50442,6
50449,0
50457,9
50466,1
50478,0
50484,4
50500,1
50502,0
50512,5
50523,7
50533,9
50540,9
50551,0
50561,7
50565,9
50567,5
50573,7
50586,2
50591,8
50609,8
50612,8
50625,2
50633,0
50639,3
50643,9
50644,9
50646,4
50658,2
50664,4
50674,4
50678,5
50689,2
50692,4
50719,0
50732,0
50744,1
50753,9
50756,2
50776,6
50777,3
50779,2
50787,8
50790,2
50794,0
50795,3
50806,3
50809,4
50813,0
50818,2
50821,5
50823,4
50824,0
50827,1
50838,9
50843,9
50848,1
50849,0
50861,7
50882,9
50903,0
50909,7
50911,6
50913,4
50916,9
50920,1
50942,5
50952,6
50953,0
50960,8
50963,5
50965,7
50970,4
50983,8
50986,2
50991,8
51002,7
51006,6
51009,5
51021,0
51023,4
51029,4
51032,7
51033,6
51045,2
51051,7
51056,7
51065,3
51084,3
51085,5
51087,1
51088,0
51093,1
51108,0
51113,4
51132,4
51144,8
51152,9
51153,2
51161,2
51178,9
51179,7
51182,8
51187,1
51199,4
51203,8
51220,8
51238,3
51239,7
51241,4
51242,6
51244,7
51245,7
51253,3
51261,4
51273,3
51287,4
51302,6
51305,9
51315,4
51330,1
51336,1
51352,1
51356,7
51357,1
51360,3
51364,9
51371,4
51380,3
51391,2
51403,3
51405,4
51407,0
51410,3
51412,1
51417,3
51422,6
51436,8
51439,3
51442,9
51444,7
51459,4
51466,6
51499,8
51500,0
51512,0
51515,8
51518,3
51525,8
51526,5
51548,1
51549,7
51552,7
51556,9
51563,4
51571,3
51576,0
51582,1
51583,9
51585,5
51587,9
51589,4
51593,8
51608,3
51610,8
51613,5
51614,9
51623,1
51645,2
51647,9
51650,4
51670,8
51685,4
51687,9
51690,4
51692,1
51705,8
51709,2
51711,1
51734,4
51738,6
51747,9
51757,1
51763,9
51772,1
51782,3
51785,9
51789,6
51792,0
51800,8
51804,9
51808,0
51809,5
51810,2
51814,3
51815,4
51820,5
51826,8
51833,9
51845,9
51875,6
51876,1
51881,4
51888,3
51900,9
51902,7
51907,1
51918,2
51924,8
51929,5
51930,0
51934,4
51938,4
51939,6
51941,8
51960,7
51969,1
51993,6
51994,7
51999,8
52002,9
52004,6
52009,9
52017,4
52025,3
52036,1
52037,3
52038,1
52051,4
52058,7
52060,1
52063,9
52074,4
52077,1
52090,4
52091,8
52095,5
52101,1
52103,8
52114,9
52120,2
52123,1
52126,3
52130,2
52171,3
52172,2
52173,8
52189,5
52201,9
52204,1
52225,1
52227,1
52237,3
52238,9
52252,1
52255,0
52264,3
52268,8
52274,0
52294,9
52299,2
52303,7
52305,1
52308,3
52310,3
52319,8
52326,7
52328,2
52336,7
52349,7
52358,6
52359,2
52393,1
52394,3
52395,9
52414,4
52425,3
52430,2
52433,3
52447,6
52452,4
52457,1
52461,1
52463,6
52464,6
52465,6
52485,1
52495,9
52511,8
52516,7
52522,5
52530,2
52539,7
52545,6
52553,3
52569,6
52574,2
52576,5
52611,6
52616,1
52619,8
52624,4
52628,1
52637,8
52642,9
52658,9
52667,6
52669,2
52675,7
52677,1
52683,2
52692,1
52712,4
52725,2
52730,0
52732,5
52742,6
52745,7
52746,7
52754,2
52755,0
52760,6
52765,9
52770,7
52778,7
52784,7
52791,5
52794,5
52795,2
52798,9
52800,9
52804,2
52810,9
52816,5
52818,5
52820,9
52822,7
52830,8
52845,0
52855,7
52879,8
52899,0
52901,6
52909,8
52915,0
52918,3
52926,3
52928,7
52934,4
52938,3
52940,2
52945,4
52947,8
52953,5
52964,1
52966,3
52973,5
52976,4
52988,3
52990,5
52995,5
53000,8
53002,5
53010,6
53024,2
53027,5
53036,2
53040,8
53041,9
53045,7
53057,0
53067,2
53068,2
53070,1
53078,9
53083,7
53097,2
53118,6
53127,9
53128,0
53130,1
53132,2
53145,3
53147,3
53160,2
53186,6
53189,5
53192,6
53198,7
53199,6
53226,6
53231,9
53236,3
53241,6
53243,4
53254,0
53271,2
53272,4
53284,9
53289,2
53299,3
53307,4
53317,8
53334,3
53335,6
53336,5
53340,0
53344,8
53346,3
53349,4
53365,8
53371,5
53372,6
53374,0
53387,1
53391,1
53394,1
53399,6
53401,5
53402,4
53409,7
53410,5
53425,8
53429,1
53431,5
53433,1
53437,0
53447,5
53450,2
53461,0
53466,9
53470,2
53485,0
53494,6
53498,1
53502,9
53513,5
53520,4
53530,4
53548,7
53550,5
53552,7
53559,4
53563,0
53566,5
53588,2
53591,7
53597,4
53619,1
53621,9
53623,7
53624,6
53635,3
53649,4
53651,7
53652,9
53662,4
53663,4
53669,3
53670,4
53672,1
53688,2
53689,8
53691,3
53697,7
53699,0
53706,9
53710,7
53712,3
53720,7
53721,1
53723,4
53724,6
53743,0
53744,4
53766,7
53772,9
53774,3
53776,1
53783,5
53785,0
53786,7
53790,9
53798,7
53801,4
53809,1
53811,1
53813,8
53814,2
53817,2
53831,8
53840,1
53842,8
53844,2
53860,9
53865,8
53879,3
53884,9
53898,7
53899,8
53900,6
53907,9
53909,2
53927,6
53939,1
53950,5
53953,9
53956,8
53961,4
53971,7
53979,4
53996,7
53999,7
54000,4
54006,3
54013,8
54014,3
54037,2
54041,7
54044,4
54048,2
54057,1
54063,0
54082,1
54083,0
54099,9
54100,4
54101,9
54120,0
54124,3
54125,3
54126,9
54131,5
54133,0
54134,7
54140,3
54142,4
54150,2
54154,5
54178,4
54196,9
54198,1
54204,2
54207,8
54214,5
54237,0
54242,1
54261,3
54263,3
54272,3
54283,8
54297,1
54301,0
54307,6
54316,7
54335,1
54339,8
54345,1
54346,5
54348,4
54350,3
54351,0
54362,3
54364,1
54368,3
54377,9
54389,6
54394,9
54396,2
54401,2
54409,2
54411,5
54417,9
54419,9
54430,7
54436,2
54448,9
54464,1
54466,0
54478,9
54479,7
54493,3
54500,8
54507,9
54513,0
54516,5
54550,7
54559,5
54565,4
54568,1
54586,3
54591,3
54595,3
54610,6
54618,7
54628,3
54633,1
54643,6
54644,2
54648,3
54651,5
54659,9
54679,1
54680,1
54689,6
54710,2
54712,5
54724,5
54732,5
54744,4
54745,5
54755,4
54759,4
54763,9
54764,9
54766,3
54768,2
54776,1
54782,9
54783,6
54793,0
54797,4
54799,8
54802,1
54812,3
54818,6
54819,4
54820,5
54835,5
54838,1
54845,0
54852,1
54853,6
54855,7
54856,1
54858,0
54863,7
54866,1
54867,1
54872,5
54892,4
54907,0
54908,0
54913,7
54915,3
54916,3
54917,3
54920,9
54922,9
54923,0
54932,2
54953,4
54955,2
54956,3
54960,0
54962,2
54969,2
54984,7
55000,6
55013,5
55034,3
55043,8
55054,1
55057,2
55066,1
55074,3
55078,0
55079,5
55085,8
55094,8
55095,9
55106,2
55120,4
55122,0
55127,9
55132,3
55141,2
55143,2
55149,9
55159,7
55161,1
55162,4
55165,6
55168,5
55171,0
55181,5
55188,8
55191,9
55193,2
55197,0
55204,9
55213,1
55219,4
55224,0
55227,1
55245,8
55258,6
55261,9
55273,8
55275,8
55277,2
55284,2
55285,0
55289,1
55307,7
55312,5
55321,9
55325,8
55329,2
55330,9
55342,5
55349,1
55352,2
55368,5
55381,0
55389,4
55398,9
55404,8
55409,1
55413,2
55423,4
55431,2
55443,6
55447,1
55448,1
55449,3
55455,2
55462,8
55489,3
55490,3
55494,8
55497,5
55515,7
55541,5
55550,9
55552,6
55557,3
55559,3
55560,6
55563,6
55568,1
55571,4
55572,6
55582,8
55583,7
55595,2
55620,7
55623,5
55625,7
55635,4
55642,8
55644,3
55651,2
55653,4
55655,3
55669,5
55681,2
55687,4
55692,2
55695,5
55706,0
55714,1
55725,2
55734,5
55736,2
55740,1
55741,5
55742,9
55744,4
55751,4
55763,8
55769,7
55775,9
55777,7
55779,5
55780,4
55790,7
55791,2
55796,8
55801,9
55807,7
55826,9
55829,6
55837,8
55859,4
55861,5
55862,1
55864,8
55867,2
55870,0
55875,0
55883,9
55886,5
55892,2
55893,2
55898,6
55909,6
55939,5
55940,5
55972,2
55977,5
55989,1
55993,1
55996,0
56001,8
56002,9
56006,9
56020,0
56049,3
56061,4
56074,8
56100,8
56108,6
56117,4
56129,1
56130,2
56135,3
56144,7
56146,1
56162,3
56164,2
56171,8
56191,8
56193,0
56215,0
56219,3
56220,2
56232,1
56233,2
56237,2
56244,2
56276,0
56277,2
56283,8
56306,7
56312,1
56315,8
56318,5
56333,0
56354,4
56356,2
56363,5
56365,5
56374,2
56377,3
56378,0
56391,7
56394,4
56400,3
56401,8
56408,1
56410,9
56424,9
56426,8
56427,3
56435,4
56437,4
56438,8
56454,1
56468,0
56485,3
56493,6
56494,7
56499,6
56500,7
56508,5
56512,5
56517,6
56519,7
56525,9
56535,9
56553,2
56555,2
56557,8
56564,1
56565,0
56567,2
56576,9
56583,3
56585,6
56586,4
56608,1
56615,8
56621,7
56622,2
56627,0
56635,5
56637,9
56640,7
56646,3
56659,2
56665,4
56671,9
56677,0
56679,4
56704,0
56709,0
56720,6
56730,4
56736,7
56745,4
56768,6
56771,0
56775,5
56776,4
56781,3
56784,4
56785,2
56791,9
56792,0
56809,7
56810,5
56817,4
56823,5
56833,8
56836,1
56837,3
56839,0
56848,6
56851,4
56854,6
56857,3
56863,8
56874,0
56882,6
56883,9
56886,4
56887,7
56890,8
56896,1
56905,0
56907,5
56912,0
56915,3
56918,2
56925,7
56926,8
56927,0
56928,4
56930,0
56941,2
56943,1
56950,3
56954,1
56959,6
56960,7
56962,7
56971,6
56985,2
56989,0
57010,8
57011,3
57039,7
57042,6
57046,4
57047,8
57058,6
57062,3
57067,3
57070,0
57075,1
57076,7
57078,8
57083,8
57086,6
57116,3
57118,6
57119,5
57120,1
57141,0
57143,9
57154,8
57162,3
57167,9
57190,6
57192,3
57194,4
57196,7
57208,0
57215,6
57218,0
57226,9
57230,0
57243,9
57245,5
57256,2
57257,0
57259,4
57262,9
57264,3
57268,4
57286,5
57288,0
57292,5
57295,1
57302,3
57313,8
57318,0
57335,2
57344,3
57354,3
57356,2
57365,3
57376,3
57377,1
57383,1
57387,4
57390,1
57394,0
57397,4
57415,2
57420,5
57448,4
57452,1
57455,9
57458,5
57465,4
57471,7
57484,3
57494,2
57512,0
57523,3
57534,7
57539,5
57555,2
57570,3
57578,3
57585,8
57591,6
57592,5
57599,2
57617,1
57618,7
57625,2
57627,3
57632,2
57642,8
57658,4
57667,5
57671,4
57672,6
57681,2
57684,8
57689,1
57718,5
57757,9
57765,1
57788,0
57792,5
57793,5
57796,7
57798,7
57806,5
57808,1
57821,6
57825,1
57834,1
57852,6
57858,0
57865,8
57867,7
57876,1
57877,1
57889,3
57892,5
57903,4
57906,3
57908,7
57911,2
57927,8
57935,0
57937,4
57954,2
57962,7
57964,9
57971,0
57986,5
57994,0
57995,8
57998,8
57999,9
58016,3
58023,4
58024,6
58045,0
58047,2
58049,7
58057,0
58065,6
58066,3
58077,0
58087,8
58094,4
58098,9
58107,0
58117,4
58127,0
58136,8
58138,3
58164,9
58167,8
58180,8
58189,8
58190,3
58198,0
58223,1
58228,1
58242,0
58243,6
58255,1
58261,4
58267,6
58271,7
58279,6
58284,5
58294,3
58314,1
58346,1
58363,1
58370,9
58388,4
58399,1
58407,2
58411,2
58412,3
58413,7
58420,6
58439,7
58442,9
58449,1
58466,9
58478,6
58501,0
58505,4
58506,2
58513,6
58522,7
58524,2
58529,8
58536,3
58540,5
58546,4
58555,8
58558,6
58568,4
58571,8
58573,4
58575,9
58576,7
58577,3
58578,4
58579,7
58582,8
58584,3
58592,2
58603,9
58609,2
58611,9
58619,2
58620,0
58621,9
58627,8
58628,1
58631,2
58645,4
58654,7
58668,4
58670,3
58675,8
58679,3
58685,0
58688,6
58692,9
58707,9
58719,8
58725,7
58745,8
58760,2
58763,1
58777,2
58779,7
58780,2
58789,2
58804,4
58808,1
58814,9
58815,1
58825,9
58831,6
58833,6
58843,0
58845,8
58857,2
58896,3
58902,3
58906,1
58926,4
58930,7
58932,9
58935,3
58938,4
58974,3
58975,8
58978,9
58981,1
58993,9
58996,9
58997,1
58999,9
59002,2
59011,7
59016,5
59023,1
59027,6
59033,6
59036,8
59047,5
59049,2
59052,5
59059,0
59064,9
59097,4
59098,1
59100,9
59102,4
59103,8
59105,1
59121,8
59123,0
59129,0
59138,5
59148,0
59153,0
59155,3
59163,7
59171,3
59178,6
59184,2
59191,2
59195,4
59225,9
59226,0
59238,0
59241,7
59250,7
59253,2
59273,2
59281,3
59289,6
59293,8
59296,7
59300,8
59305,8
59311,7
59318,6
59324,7
59325,5
59336,6
59345,4
59357,0
59358,4
59369,7
59380,9
59389,8
59392,9
59396,3
59410,3
59421,9
59424,0
59425,6
59440,6
59452,7
59467,8
59475,4
59476,3
59488,2
59491,8
59494,0
59496,0
59499,3
59508,5
59517,6
59518,9
59520,7
59524,4
59528,6
59535,3
59542,2
59543,1
59553,0
59559,6
59568,0
59596,0
59600,5
59605,5
59613,8
59618,1
59619,4
59627,5
59629,7
59631,1
59636,7
59638,6
59643,1
59646,0
59647,7
59648,4
59649,8
59653,3
59659,8
59676,2
59686,9
59694,4
59695,5
59707,3
59708,1
59711,2
59719,2
59720,7
59728,4
59731,8
59739,8
59740,4
59742,9
59745,5
59753,6
59763,5
59770,9
59779,4
59786,0
59787,8
59789,9
59790,0
59797,2
59801,8
59808,0
59840,9
59842,0
59846,2
59852,7
59856,2
59858,0
59859,7
59868,4
59869,7
59871,5
59875,5
59886,4
59889,4
59892,2
59903,1
59904,5
59906,5
59907,7
59925,7
59927,8
59940,2
59944,6
59946,1
59947,8
59954,0
59956,8
59957,9
59958,3
59959,3
59969,9
59984,3
59993,1
60001,0
60003,1
60006,6
60008,5
60025,5
60035,1
60037,1
60044,1
60057,8
60063,5
60066,7
60071,1
60072,9
60083,1
60084,4
60088,7
60103,7
60106,5
60117,8
60125,3
60126,7
60128,4
60139,7
60141,8
60147,0
60148,9
60165,4
60167,7
60168,4
60169,4
60170,1
60172,6
60174,5
60186,2
60199,5
60201,0
60203,7
60211,1
60215,9
60220,2
60223,2
60228,1
60234,3
60249,0
60261,5
60265,7
60271,3
60272,6
60274,1
60285,0
60295,5
60304,4
60322,6
60326,0
60331,0
60332,8
60337,0
60355,6
60361,4
60363,5
60377,4
60378,3
60379,3
60387,4
60388,4
60389,0
60395,0
60404,2
60405,2
60408,3
60411,4
60417,1
60421,5
60432,1
60435,5
60436,0
60438,0
60439,5
60441,0
60446,9
60447,1
60449,0
60453,3
60459,6
60479,2
60486,9
60491,6
60492,8
60494,9
60496,0
60504,2
60506,5
60509,1
60514,2
60524,7
60526,9
60545,6
60550,0
60555,3
60556,6
60565,6
60578,3
60582,7
60584,5
60586,0
60612,0
60635,2
60636,2
60646,9
60647,4
60649,2
60654,1
60655,0
60659,4
60664,8
60668,5
60683,3
60687,7
60698,4
60704,3
60707,1
60709,3
60724,0
60725,1
60741,6
60746,5
60760,5
60764,4
60771,4
60772,4
60777,1
60800,6
60807,4
60809,8
60835,3
60840,4
60842,4
60843,2
60847,7
60851,2
60852,6
60853,5
60861,1
60868,0
60872,6
60901,1
60913,5
60926,1
60933,2
60934,0
60939,5
60943,5
60953,1
60957,6
60958,0
60968,3
60975,9
60979,2
60980,4
60984,7
60985,7
60986,7
61000,2
61002,2
61011,9
61012,6
61014,4
61016,1
61019,4
61025,2
61029,3
61040,5
61068,5
61076,8
61088,3
61109,7
61111,4
61119,8
61120,3
61124,2
61132,3
61133,5
61140,9
61141,8
61151,4
61158,1
61162,5
61184,9
61206,0
61209,7
61212,5
61213,6
61228,2
61241,2
61245,5
61250,7
61251,8
61254,7
61259,4
61266,3
61269,4
61272,4
61274,2
61276,1
61277,7
61291,6
61293,2
61304,6
61308,3
61309,7
61311,2
61317,1
61333,4
61346,1
61355,4
61370,7
61381,2
61397,2
61439,9
61442,6
61449,8
61457,8
61465,3
61481,2
61483,7
61486,2
61491,2
61501,4
61512,8
61520,2
61523,2
61524,0
61528,0
61543,1
61554,0
61563,8
61569,2
61570,8
61578,5
61587,1
61602,9
61603,9
61604,9
61605,0
61611,8
61614,9
61616,1
61624,2
61625,2
61636,6
61637,8
61640,0
61650,9
61659,2
61660,5
61665,8
61666,5
61667,7
61677,0
61678,1
61690,8
61713,2
61729,1
61744,2
61757,2
61759,9
61763,8
61764,3
61773,3
61776,2
61778,9
61780,1
61782,1
61788,5
61790,1
61803,8
61806,7
61834,8
61838,0
61842,7
61843,0
61844,7
61848,1
61851,4
61857,3
61859,1
61863,5
61867,7
61868,5
61880,6
61885,5
61912,7
61924,1
61927,4
61928,2
61931,8
61942,1
61947,6
61955,8
61960,3
61964,7
61965,5
61966,7
61969,9
61974,3
61975,3
61995,3
61999,8
62020,7
62060,2
62062,7
62069,7
62072,3
62076,1
62084,1
62090,7
62095,5
62101,2
62112,2
62113,9
62115,3
62127,3
62139,5
62148,2
62160,0
62164,3
62170,8
62178,4
62189,5
62196,1
62205,0
62210,0
62218,8
62219,8
62224,4
62227,9
62236,3
62237,3
62240,7
62244,7
62251,8
62258,0
62273,5
62280,7
62281,4
62289,2
62295,1
62299,1
62311,5
62321,2
62322,9
62329,5
62332,6
62339,5
62340,7
62352,1
62353,6
62360,3
62364,2
62368,3
62369,8
62371,9
62374,0
62377,1
62380,0
62382,8
62398,6
62440,6
62442,8
62448,3
62450,2
62452,9
62468,4
62474,9
62476,8
62479,5
62489,0
62495,7
62506,1
62509,3
62510,8
62511,9
62516,0
62534,7
62539,0
62545,3
62546,2
62554,6
62555,4
62557,2
62565,7
62566,8
62577,3
62589,2
62594,4
62613,5
62618,2
62621,2
62630,8
62632,7
62652,6
62660,1
62666,1
62678,0
62683,9
62687,4
62689,8
62690,4
62705,5
62708,0
62709,7
62716,8
62730,9
62732,8
62734,7
62739,6
62743,8
62749,6
62757,6
62768,6
62782,4
62803,4
62816,3
62820,6
62823,9
62826,5
62828,8
62835,2
62845,3
62848,5
62849,4
62853,7
62858,3
62866,2
62870,4
62877,1
62883,8
62887,0
62888,0
62893,8
62897,8
62904,0
62908,0
62926,3
62928,7
62935,4
62939,7
62944,0
62949,3
62955,8
62974,4
62981,1
62982,3
62984,4
62987,1
62988,2
62989,5
63015,1
63017,4
63026,3
63028,3
63030,3
63032,2
63057,3
63081,8
63087,8
63089,3
63093,1
63102,8
63112,2
63113,3
63114,4
63117,6
63132,7
63141,1
63147,9
63151,3
63157,2
63161,6
63169,1
63171,4
63177,3
63178,9
63182,8
63183,8
63197,8
63202,3
63207,4
63212,8
63213,1
63218,6
63219,5
63220,9
63225,4
63240,5
63242,8
63265,3
63266,8
63269,9
63270,1
63271,0
63273,9
63281,2
63302,7
63305,9
63319,6
63320,0
63321,8
63328,7
63331,9
63341,2
63348,9
63351,0
63357,8
63359,1
63365,5
63372,5
63377,5
63380,6
63381,4
63385,1
63395,7
63401,3
63404,6
63407,3
63408,2
63426,1
63430,9
63443,8
63445,5
63449,1
63451,6
63452,1
63456,6
63459,2
63463,3
63477,8
63488,9
63489,2
63491,2
63499,6
63509,8
63527,4
63531,4
63547,8
63548,3
63558,9
63559,2
63566,3
63575,7
63576,1
63582,3
63586,0
63591,9
63596,6
63620,1
63626,6
63637,3
63640,6
63644,4
63654,7
63656,5
63658,4
63672,5
63680,7
63684,4
63701,8
63702,4
63755,8
63757,8
63764,1
63775,1
63778,6
63779,0
63783,2
63785,7
63786,6
63788,7
63789,0
63795,3
63804,8
63813,0
63822,0
63826,1
63834,5
63855,1
63863,4
63866,0
63868,6
63874,3
63876,7
63877,2
63882,0
63892,6
63917,4
63919,1
63920,9
63934,2
63944,7
63950,4
63957,4
63970,5
63986,6
63988,7
63992,4
63995,5
63997,4
64002,0
64010,1
64016,1
64022,8
64023,7
64031,0
64042,7
64052,0
64054,8
64055,9
64059,6
64060,4
64072,8
64077,8
64085,6
64100,6
64113,8
64116,0
64131,8
64158,0
64160,5
64168,5
64174,8
64175,2
64181,4
64183,0
64196,5
64197,7
64204,7
64206,6
64207,5
64210,5
64211,4
64213,5
64216,5
64221,8
64222,4
64238,3
64245,8
64270,5
64271,1
64275,2
64279,0
64294,3
64298,3
64301,0
64302,4
64307,2
64309,6
64319,7
64323,1
64326,9
64349,0
64357,5
64368,3
64378,6
64379,2
64383,2
64396,0
64400,8
64403,4
64430,2
64431,2
64436,2
64444,0
64452,1
64457,6
64458,1
64463,1
64473,6
64476,9
64482,3
64511,7
64520,6
64522,6
64523,0
64526,0
64529,4
64550,1
64552,3
64556,1
64559,5
64573,8
64574,2
64587,7
64605,1
64613,8
64614,3
64617,0
64618,8
64626,7
64643,9
64645,8
64649,1
64674,1
64695,5
64699,5
64709,6
64710,0
64711,9
64716,9
64733,4
64765,9
64787,1
64793,1
64795,6
64797,2
64801,1
64810,6
64819,9
64829,9
64838,4
64842,9
64848,8
64851,4
64856,8
64875,7
64879,9
64880,4
64893,1
64913,2
64921,9
64925,9
64935,2
64937,2
64960,8
64964,2
64965,3
64968,7
64970,9
64972,4
64978,8
64980,2
64986,7
64999,2
65018,9
65019,0
65026,5
65035,4
65036,2
65041,7
65050,1
65052,8
65099,2
65109,9
65111,2
65120,3
65130,2
65139,6
65152,8
65153,9
65159,5
65163,0
65166,4
65175,6
65197,1
65200,7
65206,2
65209,9
65221,4
65236,2
65242,1
65255,3
65263,1
65272,5
65273,0
65274,8
65278,3
65288,9
65292,8
65295,8
65303,8
65307,2
65311,7
65314,3
65317,2
65319,4
65338,2
65363,5
65381,6
65383,8
65385,8
65391,2
65393,3
65399,4
65404,6
65413,2
65418,6
65425,3
65427,6
65439,1
65451,4
65462,8
65464,8
65467,4
65468,6
65482,0
65485,5
65489,1
65490,6
65495,6
65499,0
65502,2
65503,8
65514,1
65518,0
65528,4
65534,8
65545,5
65551,7
65554,3
65556,4
65565,4
65582,6
65586,6
65596,7
65601,0
65625,8
65635,1
65636,8
65638,0
65639,5
65642,3
65657,9
65659,2
65660,8
65663,0
65667,7
65669,3
65687,5
65689,8
65693,1
65695,9
65722,3
65729,3
65733,9
65736,4
65737,6
65740,2
65760,7
65774,1
65778,7
65785,0
65794,9
65798,6
65799,2
65802,9
65804,6
65809,6
65819,3
65822,0
65829,1
65830,7
65844,2
65854,8
65879,2
65884,4
65885,0
65886,0
65891,7
65892,2
65895,7
65896,2
65897,2
65902,6
65914,6
65917,5
65923,2
65929,1
65937,5
65946,6
65964,6
65966,5
65973,5
65976,9
65980,0
65982,5
65986,4
65987,0
65993,4
65998,7
66000,0
66008,5
66009,5
66013,1
66022,3
66025,2
66028,2
66037,3
66058,6
66059,9
66084,5
66085,9
66106,2
66109,3
66114,4
66130,7
66133,5
66136,9
66137,2
66144,9
66146,1
66167,2
66169,5
66172,7
66173,2
66176,9
66179,9
66203,2
66204,1
66206,3
66208,2
66210,6
66231,1
66235,4
66243,9
66246,5
66251,7
66272,1
66276,8
66277,0
66279,3
66283,0
66294,4
66297,1
66298,2
66303,3
66326,5
66330,0
66333,8
66335,9
66354,9
66358,4
66366,6
66379,9
66381,1
66383,9
66386,0
66389,5
66392,2
66408,7
66412,0
66419,3
66421,7
66440,9
66457,4
66459,0
66471,8
66473,0
66474,4
66502,1
66503,2
66506,0
66511,4
66514,8
66519,4
66522,4
66527,8
66537,9
66538,5
66545,9
66570,7
66597,7
66605,4
66609,7
66622,2
66632,2
66647,8
66649,0
66655,6
66660,8
66662,2
66672,9
66677,1
66681,7
66686,6
66696,4
66698,3
66710,8
66715,3
66717,4
66719,7
66720,9
66734,6
66738,1
66755,2
66757,1
66773,0
66778,6
66781,7
66794,0
66805,8
66806,8
66814,8
66817,9
66826,7
66829,7
66834,4
66835,5
66841,6
66851,1
66852,9
66853,8
66855,8
66859,8
66868,2
66869,2
66871,0
66875,9
66886,0
66888,2
66917,5
66919,4
66929,2
66933,5
66948,0
66949,8
66958,7
66961,8
66963,3
66971,7
66983,9
66985,6
66986,2
66999,8
67002,9
67007,0
67024,8
67029,4
67032,9
67048,1
67050,4
67053,8
67059,8
67064,8
67066,5
67078,2
67092,6
67099,5
67102,1
67111,0
67119,2
67147,9
67148,9
67159,0
67167,8
67180,0
67181,4
67186,1
67188,7
67216,6
67218,0
67222,9
67225,2
67239,6
67241,2
67247,2
67254,5
67262,0
67277,6
67278,5
67285,3
67299,1
67307,2
67316,7
67330,2
67333,7
67337,8
67341,5
67353,5
67360,5
67369,8
67376,7
67379,5
67381,1
67383,4
67385,9
67404,7
67410,7
67426,1
67428,8
67429,9
67430,0
67435,6
67436,7
67437,1
67443,6
67451,5
67468,8
67474,4
67480,1
67483,0
67485,3
67489,3
67493,4
67504,0
67510,5
67513,3
67516,5
67519,7
67520,2
67528,2
67531,1
67534,1
67550,0
67559,1
67567,7
67572,2
67573,1
67587,1
67592,2
67600,3
67613,7
67616,6
67617,6
67620,3
67626,2
67639,3
67644,7
67650,9
67654,5
67666,0
67671,2
67674,9
67676,0
67678,0
67704,3
67708,1
67716,5
67721,4
67723,0
67735,3
67737,1
67740,2
67741,2
67744,4
67745,9
67753,3
67765,8
67769,0
67780,2
67791,1
67794,1
67795,1
67796,6
67798,6
67807,6
67822,4
67824,1
67830,2
67836,0
67850,1
67854,6
67855,3
67860,1
67885,4
67886,8
67887,3
67889,7
67907,1
67918,3
67935,0
67938,3
67944,5
67951,4
67957,7
67970,2
67984,9
67986,6
68024,0
68037,1
68045,0
68056,9
68066,4
68079,1
68087,4
68088,1
68089,3
68091,9
68095,4
68110,7
68111,1
68112,1
68113,6
68114,8
68125,1
68130,4
68148,7
68154,0
68155,2
68160,6
68164,4
68191,0
68194,3
68198,7
68199,6
68201,2
68208,8
68217,2
68220,3
68221,3
68225,7
68226,8
68236,2
68240,0
68245,5
68257,9
68260,1
68267,1
68268,3
68273,7
68280,0
68282,4
68287,2
68288,1
68305,6
68306,0
68308,2
68321,5
68327,3
68330,4
68337,5
68344,6
68348,2
68349,1
68350,6
68357,4
68366,5
68369,2
68378,3
68381,6
68384,1
68386,1
68392,6
68407,1
68414,2
68417,4
68423,4
68424,2
68429,0
68432,5
68440,7
68447,2
68455,9
68458,0
68463,2
68475,0
68482,6
68484,1
68485,4
68494,6
68496,0
68507,0
68519,5
68530,6
68531,0
68540,5
68542,4
68546,9
68548,6
68557,6
68559,6
68560,6
68561,6
68563,8
68565,3
68569,5
68574,1
68577,3
68586,3
68593,1
68610,6
68616,7
68622,7
68624,4
68640,9
68647,7
68648,4
68666,2
68670,6
68673,7
68682,7
68693,3
68697,4
68708,5
68732,0
68740,5
68761,0
68764,8
68765,2
68770,3
68771,4
68772,6
68789,1
68793,0
68802,2
68813,6
68821,2
68826,4
68829,6
68834,6
68835,2
68839,6
68854,9
68856,3
68863,9
68868,0
68873,4
68874,4
68878,6
68890,4
68905,0
68908,1
68911,6
68925,9
68938,3
68942,7
68943,8
68949,9
68958,3
68963,9
68972,9
68974,4
68975,1
68985,9
68987,0
68996,5
68999,7
69001,3
69003,1
69006,2
69007,5
69012,5
69023,6
69027,7
69028,3
69030,4
69033,6
69049,1
69057,8
69065,5
69079,9
69086,9
69091,4
69095,1
69099,2
69101,4
69106,7
69124,9
69130,7
69133,5
69134,3
69140,8
69142,3
69153,9
69156,3
69160,4
69168,0
69176,9
69177,0
69183,1
69186,1
69204,9
69209,2
69210,9
69236,3
69244,1
69251,8
69258,1
69259,5
69276,8
69280,4
69289,6
69300,1
69301,6
69305,0
69307,3
69316,8
69318,9
69321,4
69335,7
69337,3
69340,0
69365,6
69370,3
69371,7
69373,5
69388,9
69407,0
69408,8
69409,7
69429,5
69433,1
69436,3
69445,0
69448,8
69466,5
69476,8
69484,9
69491,0
69492,3
69501,4
69510,1
69513,4
69520,7
69524,6
69525,8
69528,6
69533,9
69534,9
69535,7
69542,7
69552,0
69563,3
69572,7
69583,2
69592,2
69594,7
69600,1
69603,6
69604,8
69614,9
69619,8
69622,3
69624,7
69625,6
69629,5
69632,1
69636,9
69641,8
69649,6
69671,9
69676,9
69679,4
69684,6
69689,0
69692,3
69695,1
69706,6
69708,2
69709,6
69714,5
69728,2
69735,0
69736,5
69749,7
69760,7
69783,0
69788,4
69801,1
69813,6
69816,1
69818,3
69820,9
69843,7
69849,6
69850,3
69854,7
69855,8
69857,3
69862,0
69865,7
69869,2
69885,1
69889,8
69899,4
69907,3
69927,7
69937,2
69940,8
69947,7
69952,1
69957,8
69959,6
69965,9
69966,9
69977,1
69990,1
